numéro;mise en service;modèle;fonctionne
0;2010-01-01T09:00:00;JCDECAUX2010;True
1;2010-01-01T09:00:00;JCDECAUX2010;True
2;2010-01-01T09:00:00;JCDECAUX2010;True
3;2010-01-01T09:00:00;JCDECAUX2010;True
4;2010-01-01T09:00:00;JCDECAUX2010;True
5;2010-01-01T09:00:00;JCDECAUX2010;True
6;2010-01-01T09:00:00;JCDECAUX2010;True
7;2010-01-01T09:00:00;JCDECAUX2010;True
8;2010-01-01T09:00:00;JCDECAUX2010;True
9;2010-01-01T09:00:00;JCDECAUX2010;True
10;2010-01-01T09:00:00;JCDECAUX2010;True
11;2010-01-01T09:00:00;JCDECAUX2010;True
12;2010-01-01T09:00:00;JCDECAUX2010;True
13;2010-01-01T09:00:00;JCDECAUX2010;True
14;2010-01-01T09:00:00;JCDECAUX2010;True
15;2010-01-01T09:00:00;JCDECAUX2010;True
16;2010-01-01T09:00:00;JCDECAUX2010;True
17;2010-01-01T09:00:00;JCDECAUX2010;True
18;2010-01-01T09:00:00;JCDECAUX2010;True
19;2010-01-01T09:00:00;JCDECAUX2010;True
20;2010-01-01T09:00:00;JCDECAUX2010;True
21;2010-01-01T09:00:00;JCDECAUX2010;True
22;2010-01-01T09:00:00;JCDECAUX2010;True
23;2010-01-01T09:00:00;JCDECAUX2010;True
24;2010-01-01T09:00:00;JCDECAUX2010;True
25;2010-01-01T09:00:00;JCDECAUX2010;True
26;2010-01-01T09:00:00;JCDECAUX2010;True
27;2010-01-01T09:00:00;JCDECAUX2010;True
28;2010-01-01T09:00:00;JCDECAUX2010;True
29;2010-01-01T09:00:00;JCDECAUX2010;True
30;2010-01-01T09:00:00;JCDECAUX2010;True
31;2010-01-01T09:00:00;JCDECAUX2010;True
32;2010-01-01T09:00:00;JCDECAUX2010;True
33;2010-01-01T09:00:00;JCDECAUX2010;True
34;2010-01-01T09:00:00;JCDECAUX2010;True
35;2010-01-01T09:00:00;JCDECAUX2010;True
36;2010-01-01T09:00:00;JCDECAUX2010;True
37;2010-01-01T09:00:00;JCDECAUX2010;True
38;2010-01-01T09:00:00;JCDECAUX2010;True
39;2010-01-01T09:00:00;JCDECAUX2010;True
40;2010-01-01T09:00:00;JCDECAUX2010;True
41;2010-01-01T09:00:00;JCDECAUX2010;True
42;2010-01-01T09:00:00;JCDECAUX2010;True
43;2010-01-01T09:00:00;JCDECAUX2010;True
44;2010-01-01T09:00:00;JCDECAUX2010;True
45;2010-01-01T09:00:00;JCDECAUX2010;True
46;2010-01-01T09:00:00;JCDECAUX2010;True
47;2010-01-01T09:00:00;JCDECAUX2010;True
48;2010-01-01T09:00:00;JCDECAUX2010;True
49;2010-01-01T09:00:00;JCDECAUX2010;True
50;2010-01-01T09:00:00;JCDECAUX2010;True
51;2010-01-01T09:00:00;JCDECAUX2010;True
52;2010-01-01T09:00:00;JCDECAUX2010;True
53;2010-01-01T09:00:00;JCDECAUX2010;True
54;2010-01-01T09:00:00;JCDECAUX2010;True
55;2010-01-01T09:00:00;JCDECAUX2010;True
56;2010-01-01T09:00:00;JCDECAUX2010;True
57;2010-01-01T09:00:00;JCDECAUX2010;True
58;2010-01-01T09:00:00;JCDECAUX2010;True
59;2010-01-01T09:00:00;JCDECAUX2010;True
60;2010-01-01T09:00:00;JCDECAUX2010;True
61;2010-01-01T09:00:00;JCDECAUX2010;True
62;2010-01-01T09:00:00;JCDECAUX2010;True
63;2010-01-01T09:00:00;JCDECAUX2010;True
64;2010-01-01T09:00:00;JCDECAUX2010;True
65;2010-01-01T09:00:00;JCDECAUX2010;True
66;2010-01-01T09:00:00;JCDECAUX2010;True
67;2010-01-01T09:00:00;JCDECAUX2010;True
68;2010-01-01T09:00:00;JCDECAUX2010;True
69;2010-01-01T09:00:00;JCDECAUX2010;True
70;2010-01-01T09:00:00;JCDECAUX2010;True
71;2010-01-01T09:00:00;JCDECAUX2010;True
72;2010-01-01T09:00:00;JCDECAUX2010;True
73;2010-01-01T09:00:00;JCDECAUX2010;True
74;2010-01-01T09:00:00;JCDECAUX2010;True
75;2010-01-01T09:00:00;JCDECAUX2010;True
76;2010-01-01T09:00:00;JCDECAUX2010;True
77;2010-01-01T09:00:00;JCDECAUX2010;True
78;2010-01-01T09:00:00;JCDECAUX2010;True
79;2010-01-01T09:00:00;JCDECAUX2010;True
80;2010-01-01T09:00:00;JCDECAUX2010;True
81;2010-01-01T09:00:00;JCDECAUX2010;True
82;2010-01-01T09:00:00;JCDECAUX2010;True
83;2010-01-01T09:00:00;JCDECAUX2010;True
84;2010-01-01T09:00:00;JCDECAUX2010;True
85;2010-01-01T09:00:00;JCDECAUX2010;True
86;2010-01-01T09:00:00;JCDECAUX2010;True
87;2010-01-01T09:00:00;JCDECAUX2010;True
88;2010-01-01T09:00:00;JCDECAUX2010;True
89;2010-01-01T09:00:00;JCDECAUX2010;True
90;2010-01-01T09:00:00;JCDECAUX2010;True
91;2010-01-01T09:00:00;JCDECAUX2010;True
92;2010-01-01T09:00:00;JCDECAUX2010;True
93;2010-01-01T09:00:00;JCDECAUX2010;True
94;2010-01-01T09:00:00;JCDECAUX2010;True
95;2010-01-01T09:00:00;JCDECAUX2010;True
96;2010-01-01T09:00:00;JCDECAUX2010;True
97;2010-01-01T09:00:00;JCDECAUX2010;True
98;2010-01-01T09:00:00;JCDECAUX2010;True
99;2010-01-01T09:00:00;JCDECAUX2010;True
100;2010-01-01T09:00:00;JCDECAUX2010;True
101;2010-01-01T09:00:00;JCDECAUX2010;True
102;2010-01-01T09:00:00;JCDECAUX2010;True
103;2010-01-01T09:00:00;JCDECAUX2010;True
104;2010-01-01T09:00:00;JCDECAUX2010;True
105;2010-01-01T09:00:00;JCDECAUX2010;True
106;2010-01-01T09:00:00;JCDECAUX2010;True
107;2010-01-01T09:00:00;JCDECAUX2010;True
108;2010-01-01T09:00:00;JCDECAUX2010;True
109;2010-01-01T09:00:00;JCDECAUX2010;True
110;2010-01-01T09:00:00;JCDECAUX2010;True
111;2010-01-01T09:00:00;JCDECAUX2010;True
112;2010-01-01T09:00:00;JCDECAUX2010;True
113;2010-01-01T09:00:00;JCDECAUX2010;True
114;2010-01-01T09:00:00;JCDECAUX2010;True
115;2010-01-01T09:00:00;JCDECAUX2010;True
116;2010-01-01T09:00:00;JCDECAUX2010;True
117;2010-01-01T09:00:00;JCDECAUX2010;True
118;2010-01-01T09:00:00;JCDECAUX2010;True
119;2010-01-01T09:00:00;JCDECAUX2010;True
120;2010-01-01T09:00:00;JCDECAUX2010;True
121;2010-01-01T09:00:00;JCDECAUX2010;True
122;2010-01-01T09:00:00;JCDECAUX2010;True
123;2010-01-01T09:00:00;JCDECAUX2010;True
124;2010-01-01T09:00:00;JCDECAUX2010;True
125;2010-01-01T09:00:00;JCDECAUX2010;True
126;2010-01-01T09:00:00;JCDECAUX2010;True
127;2010-01-01T09:00:00;JCDECAUX2010;True
128;2010-01-01T09:00:00;JCDECAUX2010;True
129;2010-01-01T09:00:00;JCDECAUX2010;True
130;2010-01-01T09:00:00;JCDECAUX2010;True
131;2010-01-01T09:00:00;JCDECAUX2010;True
132;2010-01-01T09:00:00;JCDECAUX2010;True
133;2010-01-01T09:00:00;JCDECAUX2010;True
134;2010-01-01T09:00:00;JCDECAUX2010;True
135;2010-01-01T09:00:00;JCDECAUX2010;True
136;2010-01-01T09:00:00;JCDECAUX2010;True
137;2010-01-01T09:00:00;JCDECAUX2010;True
138;2010-01-01T09:00:00;JCDECAUX2010;True
139;2010-01-01T09:00:00;JCDECAUX2010;True
140;2010-01-01T09:00:00;JCDECAUX2010;True
141;2010-01-01T09:00:00;JCDECAUX2010;True
142;2010-01-01T09:00:00;JCDECAUX2010;True
143;2010-01-01T09:00:00;JCDECAUX2010;True
144;2010-01-01T09:00:00;JCDECAUX2010;True
145;2010-01-01T09:00:00;JCDECAUX2010;True
146;2010-01-01T09:00:00;JCDECAUX2010;True
147;2010-01-01T09:00:00;JCDECAUX2010;True
148;2010-01-01T09:00:00;JCDECAUX2010;True
149;2010-01-01T09:00:00;JCDECAUX2010;True
150;2010-01-01T09:00:00;JCDECAUX2010;True
151;2010-01-01T09:00:00;JCDECAUX2010;True
152;2010-01-01T09:00:00;JCDECAUX2010;True
153;2010-01-01T09:00:00;JCDECAUX2010;True
154;2010-01-01T09:00:00;JCDECAUX2010;True
155;2010-01-01T09:00:00;JCDECAUX2010;True
156;2010-01-01T09:00:00;JCDECAUX2010;True
157;2010-01-01T09:00:00;JCDECAUX2010;True
158;2010-01-01T09:00:00;JCDECAUX2010;True
159;2010-01-01T09:00:00;JCDECAUX2010;True
160;2010-01-01T09:00:00;JCDECAUX2010;True
161;2010-01-01T09:00:00;JCDECAUX2010;True
162;2010-01-01T09:00:00;JCDECAUX2010;True
163;2010-01-01T09:00:00;JCDECAUX2010;True
164;2010-01-01T09:00:00;JCDECAUX2010;True
165;2010-01-01T09:00:00;JCDECAUX2010;True
166;2010-01-01T09:00:00;JCDECAUX2010;True
167;2010-01-01T09:00:00;JCDECAUX2010;True
168;2010-01-01T09:00:00;JCDECAUX2010;True
169;2010-01-01T09:00:00;JCDECAUX2010;True
170;2010-01-01T09:00:00;JCDECAUX2010;True
171;2010-01-01T09:00:00;JCDECAUX2010;True
172;2010-01-01T09:00:00;JCDECAUX2010;True
173;2010-01-01T09:00:00;JCDECAUX2010;True
174;2010-01-01T09:00:00;JCDECAUX2010;True
175;2010-01-01T09:00:00;JCDECAUX2010;True
176;2010-01-01T09:00:00;JCDECAUX2010;True
177;2010-01-01T09:00:00;JCDECAUX2010;True
178;2010-01-01T09:00:00;JCDECAUX2010;True
179;2010-01-01T09:00:00;JCDECAUX2010;True
180;2010-01-01T09:00:00;JCDECAUX2010;True
181;2010-01-01T09:00:00;JCDECAUX2010;True
182;2010-01-01T09:00:00;JCDECAUX2010;True
183;2010-01-01T09:00:00;JCDECAUX2010;True
184;2010-01-01T09:00:00;JCDECAUX2010;True
185;2010-01-01T09:00:00;JCDECAUX2010;True
186;2010-01-01T09:00:00;JCDECAUX2010;True
187;2010-01-01T09:00:00;JCDECAUX2010;True
188;2010-01-01T09:00:00;JCDECAUX2010;True
189;2010-01-01T09:00:00;JCDECAUX2010;True
190;2010-01-01T09:00:00;JCDECAUX2010;True
191;2010-01-01T09:00:00;JCDECAUX2010;True
192;2010-01-01T09:00:00;JCDECAUX2010;True
193;2010-01-01T09:00:00;JCDECAUX2010;True
194;2010-01-01T09:00:00;JCDECAUX2010;True
195;2010-01-01T09:00:00;JCDECAUX2010;True
196;2010-01-01T09:00:00;JCDECAUX2010;True
197;2010-01-01T09:00:00;JCDECAUX2010;True
198;2010-01-01T09:00:00;JCDECAUX2010;True
199;2010-01-01T09:00:00;JCDECAUX2010;True
200;2010-01-01T09:00:00;JCDECAUX2010;True
201;2010-01-01T09:00:00;JCDECAUX2010;True
202;2010-01-01T09:00:00;JCDECAUX2010;True
203;2010-01-01T09:00:00;JCDECAUX2010;True
204;2010-01-01T09:00:00;JCDECAUX2010;True
205;2010-01-01T09:00:00;JCDECAUX2010;True
206;2010-01-01T09:00:00;JCDECAUX2010;True
207;2010-01-01T09:00:00;JCDECAUX2010;True
208;2010-01-01T09:00:00;JCDECAUX2010;True
209;2010-01-01T09:00:00;JCDECAUX2010;True
210;2010-01-01T09:00:00;JCDECAUX2010;True
211;2010-01-01T09:00:00;JCDECAUX2010;True
212;2010-01-01T09:00:00;JCDECAUX2010;True
213;2010-01-01T09:00:00;JCDECAUX2010;True
214;2010-01-01T09:00:00;JCDECAUX2010;True
215;2010-01-01T09:00:00;JCDECAUX2010;True
216;2010-01-01T09:00:00;JCDECAUX2010;True
217;2010-01-01T09:00:00;JCDECAUX2010;True
218;2010-01-01T09:00:00;JCDECAUX2010;True
219;2010-01-01T09:00:00;JCDECAUX2010;True
220;2010-01-01T09:00:00;JCDECAUX2010;True
221;2010-01-01T09:00:00;JCDECAUX2010;True
222;2010-01-01T09:00:00;JCDECAUX2010;True
223;2010-01-01T09:00:00;JCDECAUX2010;True
224;2010-01-01T09:00:00;JCDECAUX2010;True
225;2010-01-01T09:00:00;JCDECAUX2010;True
226;2010-01-01T09:00:00;JCDECAUX2010;True
227;2010-01-01T09:00:00;JCDECAUX2010;True
228;2010-01-01T09:00:00;JCDECAUX2010;True
229;2010-01-01T09:00:00;JCDECAUX2010;True
230;2010-01-01T09:00:00;JCDECAUX2010;True
231;2010-01-01T09:00:00;JCDECAUX2010;True
232;2010-01-01T09:00:00;JCDECAUX2010;True
233;2010-01-01T09:00:00;JCDECAUX2010;True
234;2010-01-01T09:00:00;JCDECAUX2010;True
235;2010-01-01T09:00:00;JCDECAUX2010;True
236;2010-01-01T09:00:00;JCDECAUX2010;True
237;2010-01-01T09:00:00;JCDECAUX2010;True
238;2010-01-01T09:00:00;JCDECAUX2010;True
239;2010-01-01T09:00:00;JCDECAUX2010;True
240;2010-01-01T09:00:00;JCDECAUX2010;True
241;2010-01-01T09:00:00;JCDECAUX2010;True
242;2010-01-01T09:00:00;JCDECAUX2010;True
243;2010-01-01T09:00:00;JCDECAUX2010;True
244;2010-01-01T09:00:00;JCDECAUX2010;True
245;2010-01-01T09:00:00;JCDECAUX2010;True
246;2010-01-01T09:00:00;JCDECAUX2010;True
247;2010-01-01T09:00:00;JCDECAUX2010;True
248;2010-01-01T09:00:00;JCDECAUX2010;True
249;2010-01-01T09:00:00;JCDECAUX2010;True
250;2010-01-01T09:00:00;JCDECAUX2010;True
251;2010-01-01T09:00:00;JCDECAUX2010;True
252;2010-01-01T09:00:00;JCDECAUX2010;True
253;2010-01-01T09:00:00;JCDECAUX2010;True
254;2010-01-01T09:00:00;JCDECAUX2010;True
255;2010-01-01T09:00:00;JCDECAUX2010;True
256;2010-01-01T09:00:00;JCDECAUX2010;True
257;2010-01-01T09:00:00;JCDECAUX2010;True
258;2010-01-01T09:00:00;JCDECAUX2010;True
259;2010-01-01T09:00:00;JCDECAUX2010;True
260;2010-01-01T09:00:00;JCDECAUX2010;True
261;2010-01-01T09:00:00;JCDECAUX2010;True
262;2010-01-01T09:00:00;JCDECAUX2010;True
263;2010-01-01T09:00:00;JCDECAUX2010;True
264;2010-01-01T09:00:00;JCDECAUX2010;True
265;2010-01-01T09:00:00;JCDECAUX2010;True
266;2010-01-01T09:00:00;JCDECAUX2010;True
267;2010-01-01T09:00:00;JCDECAUX2010;True
268;2010-01-01T09:00:00;JCDECAUX2010;True
269;2010-01-01T09:00:00;JCDECAUX2010;True
270;2010-01-01T09:00:00;JCDECAUX2010;True
271;2010-01-01T09:00:00;JCDECAUX2010;True
272;2010-01-01T09:00:00;JCDECAUX2010;True
273;2010-01-01T09:00:00;JCDECAUX2010;True
274;2010-01-01T09:00:00;JCDECAUX2010;True
275;2010-01-01T09:00:00;JCDECAUX2010;True
276;2010-01-01T09:00:00;JCDECAUX2010;True
277;2010-01-01T09:00:00;JCDECAUX2010;True
278;2010-01-01T09:00:00;JCDECAUX2010;True
279;2010-01-01T09:00:00;JCDECAUX2010;True
280;2010-01-01T09:00:00;JCDECAUX2010;True
281;2010-01-01T09:00:00;JCDECAUX2010;True
282;2010-01-01T09:00:00;JCDECAUX2010;True
283;2010-01-01T09:00:00;JCDECAUX2010;True
284;2010-01-01T09:00:00;JCDECAUX2010;True
285;2010-01-01T09:00:00;JCDECAUX2010;True
286;2010-01-01T09:00:00;JCDECAUX2010;True
287;2010-01-01T09:00:00;JCDECAUX2010;True
288;2010-01-01T09:00:00;JCDECAUX2010;True
289;2010-01-01T09:00:00;JCDECAUX2010;True
290;2010-01-01T09:00:00;JCDECAUX2010;True
291;2010-01-01T09:00:00;JCDECAUX2010;True
292;2010-01-01T09:00:00;JCDECAUX2010;True
293;2010-01-01T09:00:00;JCDECAUX2010;True
294;2010-01-01T09:00:00;JCDECAUX2010;True
295;2010-01-01T09:00:00;JCDECAUX2010;True
296;2010-01-01T09:00:00;JCDECAUX2010;True
297;2010-01-01T09:00:00;JCDECAUX2010;True
298;2010-01-01T09:00:00;JCDECAUX2010;True
299;2010-01-01T09:00:00;JCDECAUX2010;True
300;2010-01-01T09:00:00;JCDECAUX2010;True
301;2010-01-01T09:00:00;JCDECAUX2010;True
302;2010-01-01T09:00:00;JCDECAUX2010;True
303;2010-01-01T09:00:00;JCDECAUX2010;True
304;2010-01-01T09:00:00;JCDECAUX2010;True
305;2010-01-01T09:00:00;JCDECAUX2010;True
306;2010-01-01T09:00:00;JCDECAUX2010;True
307;2010-01-01T09:00:00;JCDECAUX2010;True
308;2010-01-01T09:00:00;JCDECAUX2010;True
309;2010-01-01T09:00:00;JCDECAUX2010;True
310;2010-01-01T09:00:00;JCDECAUX2010;True
311;2010-01-01T09:00:00;JCDECAUX2010;True
312;2010-01-01T09:00:00;JCDECAUX2010;True
313;2010-01-01T09:00:00;JCDECAUX2010;True
314;2010-01-01T09:00:00;JCDECAUX2010;True
315;2010-01-01T09:00:00;JCDECAUX2010;True
316;2010-01-01T09:00:00;JCDECAUX2010;True
317;2010-01-01T09:00:00;JCDECAUX2010;True
318;2010-01-01T09:00:00;JCDECAUX2010;True
319;2010-01-01T09:00:00;JCDECAUX2010;True
320;2010-01-01T09:00:00;JCDECAUX2010;True
321;2010-01-01T09:00:00;JCDECAUX2010;True
322;2010-01-01T09:00:00;JCDECAUX2010;True
323;2010-01-01T09:00:00;JCDECAUX2010;True
324;2010-01-01T09:00:00;JCDECAUX2010;True
325;2010-01-01T09:00:00;JCDECAUX2010;True
326;2010-01-01T09:00:00;JCDECAUX2010;True
327;2010-01-01T09:00:00;JCDECAUX2010;True
328;2010-01-01T09:00:00;JCDECAUX2010;True
329;2010-01-01T09:00:00;JCDECAUX2010;True
330;2010-01-01T09:00:00;JCDECAUX2010;True
331;2010-01-01T09:00:00;JCDECAUX2010;True
332;2010-01-01T09:00:00;JCDECAUX2010;True
333;2010-01-01T09:00:00;JCDECAUX2010;True
334;2010-01-01T09:00:00;JCDECAUX2010;True
335;2010-01-01T09:00:00;JCDECAUX2010;True
336;2010-01-01T09:00:00;JCDECAUX2010;True
337;2010-01-01T09:00:00;JCDECAUX2010;True
338;2010-01-01T09:00:00;JCDECAUX2010;True
339;2010-01-01T09:00:00;JCDECAUX2010;True
340;2010-01-01T09:00:00;JCDECAUX2010;True
341;2010-01-01T09:00:00;JCDECAUX2010;True
342;2010-01-01T09:00:00;JCDECAUX2010;True
343;2010-01-01T09:00:00;JCDECAUX2010;True
344;2010-01-01T09:00:00;JCDECAUX2010;True
345;2010-01-01T09:00:00;JCDECAUX2010;True
346;2010-01-01T09:00:00;JCDECAUX2010;True
347;2010-01-01T09:00:00;JCDECAUX2010;True
348;2010-01-01T09:00:00;JCDECAUX2010;True
349;2010-01-01T09:00:00;JCDECAUX2010;True
350;2010-01-01T09:00:00;JCDECAUX2010;True
351;2010-01-01T09:00:00;JCDECAUX2010;True
352;2010-01-01T09:00:00;JCDECAUX2010;True
353;2010-01-01T09:00:00;JCDECAUX2010;True
354;2010-01-01T09:00:00;JCDECAUX2010;True
355;2010-01-01T09:00:00;JCDECAUX2010;True
356;2010-01-01T09:00:00;JCDECAUX2010;True
357;2010-01-01T09:00:00;JCDECAUX2010;True
358;2010-01-01T09:00:00;JCDECAUX2010;True
359;2010-01-01T09:00:00;JCDECAUX2010;True
360;2010-01-01T09:00:00;JCDECAUX2010;True
361;2010-01-01T09:00:00;JCDECAUX2010;True
362;2010-01-01T09:00:00;JCDECAUX2010;True
363;2010-01-01T09:00:00;JCDECAUX2010;True
364;2010-01-01T09:00:00;JCDECAUX2010;True
365;2010-01-01T09:00:00;JCDECAUX2010;True
366;2010-01-01T09:00:00;JCDECAUX2010;True
367;2010-01-01T09:00:00;JCDECAUX2010;True
368;2010-01-01T09:00:00;JCDECAUX2010;True
369;2010-01-01T09:00:00;JCDECAUX2010;True
370;2010-01-01T09:00:00;JCDECAUX2010;True
371;2010-01-01T09:00:00;JCDECAUX2010;True
372;2010-01-01T09:00:00;JCDECAUX2010;True
373;2010-01-01T09:00:00;JCDECAUX2010;True
374;2010-01-01T09:00:00;JCDECAUX2010;True
375;2010-01-01T09:00:00;JCDECAUX2010;True
376;2010-01-01T09:00:00;JCDECAUX2010;True
377;2010-01-01T09:00:00;JCDECAUX2010;True
378;2010-01-01T09:00:00;JCDECAUX2010;True
379;2010-01-01T09:00:00;JCDECAUX2010;True
380;2010-01-01T09:00:00;JCDECAUX2010;True
381;2010-01-01T09:00:00;JCDECAUX2010;True
382;2010-01-01T09:00:00;JCDECAUX2010;True
383;2010-01-01T09:00:00;JCDECAUX2010;True
384;2010-01-01T09:00:00;JCDECAUX2010;True
385;2010-01-01T09:00:00;JCDECAUX2010;True
386;2010-01-01T09:00:00;JCDECAUX2010;True
387;2010-01-01T09:00:00;JCDECAUX2010;True
388;2010-01-01T09:00:00;JCDECAUX2010;True
389;2010-01-01T09:00:00;JCDECAUX2010;True
390;2010-01-01T09:00:00;JCDECAUX2010;True
391;2010-01-01T09:00:00;JCDECAUX2010;True
392;2010-01-01T09:00:00;JCDECAUX2010;True
393;2010-01-01T09:00:00;JCDECAUX2010;True
394;2010-01-01T09:00:00;JCDECAUX2010;True
395;2010-01-01T09:00:00;JCDECAUX2010;True
396;2010-01-01T09:00:00;JCDECAUX2010;True
397;2010-01-01T09:00:00;JCDECAUX2010;True
398;2010-01-01T09:00:00;JCDECAUX2010;True
399;2010-01-01T09:00:00;JCDECAUX2010;True
400;2010-01-01T09:00:00;JCDECAUX2010;True
401;2010-01-01T09:00:00;JCDECAUX2010;True
402;2010-01-01T09:00:00;JCDECAUX2010;True
403;2010-01-01T09:00:00;JCDECAUX2010;True
404;2010-01-01T09:00:00;JCDECAUX2010;True
405;2010-01-01T09:00:00;JCDECAUX2010;True
406;2010-01-01T09:00:00;JCDECAUX2010;True
407;2010-01-01T09:00:00;JCDECAUX2010;True
408;2010-01-01T09:00:00;JCDECAUX2010;True
409;2010-01-01T09:00:00;JCDECAUX2010;True
410;2010-01-01T09:00:00;JCDECAUX2010;True
411;2010-01-01T09:00:00;JCDECAUX2010;True
412;2010-01-01T09:00:00;JCDECAUX2010;True
413;2010-01-01T09:00:00;JCDECAUX2010;True
414;2010-01-01T09:00:00;JCDECAUX2010;True
415;2010-01-01T09:00:00;JCDECAUX2010;True
416;2010-01-01T09:00:00;JCDECAUX2010;True
417;2010-01-01T09:00:00;JCDECAUX2010;True
418;2010-01-01T09:00:00;JCDECAUX2010;True
419;2010-01-01T09:00:00;JCDECAUX2010;True
420;2010-01-01T09:00:00;JCDECAUX2010;True
421;2010-01-01T09:00:00;JCDECAUX2010;True
422;2010-01-01T09:00:00;JCDECAUX2010;True
423;2010-01-01T09:00:00;JCDECAUX2010;True
424;2010-01-01T09:00:00;JCDECAUX2010;True
425;2010-01-01T09:00:00;JCDECAUX2010;True
426;2010-01-01T09:00:00;JCDECAUX2010;True
427;2010-01-01T09:00:00;JCDECAUX2010;True
428;2010-01-01T09:00:00;JCDECAUX2010;True
429;2010-01-01T09:00:00;JCDECAUX2010;True
430;2010-01-01T09:00:00;JCDECAUX2010;True
431;2010-01-01T09:00:00;JCDECAUX2010;True
432;2010-01-01T09:00:00;JCDECAUX2010;True
433;2010-01-01T09:00:00;JCDECAUX2010;True
434;2010-01-01T09:00:00;JCDECAUX2010;True
435;2010-01-01T09:00:00;JCDECAUX2010;True
436;2010-01-01T09:00:00;JCDECAUX2010;True
437;2010-01-01T09:00:00;JCDECAUX2010;True
438;2010-01-01T09:00:00;JCDECAUX2010;True
439;2010-01-01T09:00:00;JCDECAUX2010;True
440;2010-01-01T09:00:00;JCDECAUX2010;True
441;2010-01-01T09:00:00;JCDECAUX2010;True
442;2010-01-01T09:00:00;JCDECAUX2010;True
443;2010-01-01T09:00:00;JCDECAUX2010;True
444;2010-01-01T09:00:00;JCDECAUX2010;True
445;2010-01-01T09:00:00;JCDECAUX2010;True
446;2010-01-01T09:00:00;JCDECAUX2010;True
447;2010-01-01T09:00:00;JCDECAUX2010;True
448;2010-01-01T09:00:00;JCDECAUX2010;True
449;2010-01-01T09:00:00;JCDECAUX2010;True
450;2010-01-01T09:00:00;JCDECAUX2010;True
451;2010-01-01T09:00:00;JCDECAUX2010;True
452;2010-01-01T09:00:00;JCDECAUX2010;True
453;2010-01-01T09:00:00;JCDECAUX2010;True
454;2010-01-01T09:00:00;JCDECAUX2010;True
455;2010-01-01T09:00:00;JCDECAUX2010;True
456;2010-01-01T09:00:00;JCDECAUX2010;True
457;2010-01-01T09:00:00;JCDECAUX2010;True
458;2010-01-01T09:00:00;JCDECAUX2010;True
459;2010-01-01T09:00:00;JCDECAUX2010;True
460;2010-01-01T09:00:00;JCDECAUX2010;True
461;2010-01-01T09:00:00;JCDECAUX2010;True
462;2010-01-01T09:00:00;JCDECAUX2010;True
463;2010-01-01T09:00:00;JCDECAUX2010;True
464;2010-01-01T09:00:00;JCDECAUX2010;True
465;2010-01-01T09:00:00;JCDECAUX2010;True
466;2010-01-01T09:00:00;JCDECAUX2010;True
467;2010-01-01T09:00:00;JCDECAUX2010;True
468;2010-01-01T09:00:00;JCDECAUX2010;True
469;2010-01-01T09:00:00;JCDECAUX2010;True
470;2010-01-01T09:00:00;JCDECAUX2010;True
471;2010-01-01T09:00:00;JCDECAUX2010;True
472;2010-01-01T09:00:00;JCDECAUX2010;True
473;2010-01-01T09:00:00;JCDECAUX2010;True
474;2010-01-01T09:00:00;JCDECAUX2010;True
475;2010-01-01T09:00:00;JCDECAUX2010;True
476;2010-01-01T09:00:00;JCDECAUX2010;True
477;2010-01-01T09:00:00;JCDECAUX2010;True
478;2010-01-01T09:00:00;JCDECAUX2010;True
479;2010-01-01T09:00:00;JCDECAUX2010;True
480;2010-01-01T09:00:00;JCDECAUX2010;True
481;2010-01-01T09:00:00;JCDECAUX2010;True
482;2010-01-01T09:00:00;JCDECAUX2010;True
483;2010-01-01T09:00:00;JCDECAUX2010;True
484;2010-01-01T09:00:00;JCDECAUX2010;True
485;2010-01-01T09:00:00;JCDECAUX2010;True
486;2010-01-01T09:00:00;JCDECAUX2010;True
487;2010-01-01T09:00:00;JCDECAUX2010;True
488;2010-01-01T09:00:00;JCDECAUX2010;True
489;2010-01-01T09:00:00;JCDECAUX2010;True
490;2010-01-01T09:00:00;JCDECAUX2010;True
491;2010-01-01T09:00:00;JCDECAUX2010;True
492;2010-01-01T09:00:00;JCDECAUX2010;True
493;2010-01-01T09:00:00;JCDECAUX2010;True
494;2010-01-01T09:00:00;JCDECAUX2010;True
495;2010-01-01T09:00:00;JCDECAUX2010;True
496;2010-01-01T09:00:00;JCDECAUX2010;True
497;2010-01-01T09:00:00;JCDECAUX2010;True
498;2010-01-01T09:00:00;JCDECAUX2010;True
499;2010-01-01T09:00:00;JCDECAUX2010;True
500;2010-01-01T09:00:00;JCDECAUX2010;True
501;2010-01-01T09:00:00;JCDECAUX2010;True
502;2010-01-01T09:00:00;JCDECAUX2010;True
503;2010-01-01T09:00:00;JCDECAUX2010;True
504;2010-01-01T09:00:00;JCDECAUX2010;True
505;2010-01-01T09:00:00;JCDECAUX2010;True
506;2010-01-01T09:00:00;JCDECAUX2010;True
507;2010-01-01T09:00:00;JCDECAUX2010;True
508;2010-01-01T09:00:00;JCDECAUX2010;True
509;2010-01-01T09:00:00;JCDECAUX2010;True
510;2010-01-01T09:00:00;JCDECAUX2010;True
511;2010-01-01T09:00:00;JCDECAUX2010;True
512;2010-01-01T09:00:00;JCDECAUX2010;True
513;2010-01-01T09:00:00;JCDECAUX2010;True
514;2010-01-01T09:00:00;JCDECAUX2010;True
515;2010-01-01T09:00:00;JCDECAUX2010;True
516;2010-01-01T09:00:00;JCDECAUX2010;True
517;2010-01-01T09:00:00;JCDECAUX2010;True
518;2010-01-01T09:00:00;JCDECAUX2010;True
519;2010-01-01T09:00:00;JCDECAUX2010;True
520;2010-01-01T09:00:00;JCDECAUX2010;True
521;2010-01-01T09:00:00;JCDECAUX2010;True
522;2010-01-01T09:00:00;JCDECAUX2010;True
523;2010-01-01T09:00:00;JCDECAUX2010;True
524;2010-01-01T09:00:00;JCDECAUX2010;True
525;2010-01-01T09:00:00;JCDECAUX2010;True
526;2010-01-01T09:00:00;JCDECAUX2010;True
527;2010-01-01T09:00:00;JCDECAUX2010;True
528;2010-01-01T09:00:00;JCDECAUX2010;True
529;2010-01-01T09:00:00;JCDECAUX2010;True
530;2010-01-01T09:00:00;JCDECAUX2010;True
531;2010-01-01T09:00:00;JCDECAUX2010;True
532;2010-01-01T09:00:00;JCDECAUX2010;True
533;2010-01-01T09:00:00;JCDECAUX2010;True
534;2010-01-01T09:00:00;JCDECAUX2010;True
535;2010-01-01T09:00:00;JCDECAUX2010;True
536;2010-01-01T09:00:00;JCDECAUX2010;True
537;2010-01-01T09:00:00;JCDECAUX2010;True
538;2010-01-01T09:00:00;JCDECAUX2010;True
539;2010-01-01T09:00:00;JCDECAUX2010;True
540;2010-01-01T09:00:00;JCDECAUX2010;True
541;2010-01-01T09:00:00;JCDECAUX2010;True
542;2010-01-01T09:00:00;JCDECAUX2010;True
543;2010-01-01T09:00:00;JCDECAUX2010;True
544;2010-01-01T09:00:00;JCDECAUX2010;True
545;2010-01-01T09:00:00;JCDECAUX2010;True
546;2010-01-01T09:00:00;JCDECAUX2010;True
547;2010-01-01T09:00:00;JCDECAUX2010;True
548;2010-01-01T09:00:00;JCDECAUX2010;True
549;2010-01-01T09:00:00;JCDECAUX2010;True
550;2010-01-01T09:00:00;JCDECAUX2010;True
551;2010-01-01T09:00:00;JCDECAUX2010;True
552;2010-01-01T09:00:00;JCDECAUX2010;True
553;2010-01-01T09:00:00;JCDECAUX2010;True
554;2010-01-01T09:00:00;JCDECAUX2010;True
555;2010-01-01T09:00:00;JCDECAUX2010;True
556;2010-01-01T09:00:00;JCDECAUX2010;True
557;2010-01-01T09:00:00;JCDECAUX2010;True
558;2010-01-01T09:00:00;JCDECAUX2010;True
559;2010-01-01T09:00:00;JCDECAUX2010;True
560;2010-01-01T09:00:00;JCDECAUX2010;True
561;2010-01-01T09:00:00;JCDECAUX2010;True
562;2010-01-01T09:00:00;JCDECAUX2010;True
563;2010-01-01T09:00:00;JCDECAUX2010;True
564;2010-01-01T09:00:00;JCDECAUX2010;True
565;2010-01-01T09:00:00;JCDECAUX2010;True
566;2010-01-01T09:00:00;JCDECAUX2010;True
567;2010-01-01T09:00:00;JCDECAUX2010;True
568;2010-01-01T09:00:00;JCDECAUX2010;True
569;2010-01-01T09:00:00;JCDECAUX2010;True
570;2010-01-01T09:00:00;JCDECAUX2010;True
571;2010-01-01T09:00:00;JCDECAUX2010;True
572;2010-01-01T09:00:00;JCDECAUX2010;True
573;2010-01-01T09:00:00;JCDECAUX2010;True
574;2010-01-01T09:00:00;JCDECAUX2010;True
575;2010-01-01T09:00:00;JCDECAUX2010;True
576;2010-01-01T09:00:00;JCDECAUX2010;True
577;2010-01-01T09:00:00;JCDECAUX2010;True
578;2010-01-01T09:00:00;JCDECAUX2010;True
579;2010-01-01T09:00:00;JCDECAUX2010;True
580;2010-01-01T09:00:00;JCDECAUX2010;True
581;2010-01-01T09:00:00;JCDECAUX2010;True
582;2010-01-01T09:00:00;JCDECAUX2010;True
583;2010-01-01T09:00:00;JCDECAUX2010;True
584;2010-01-01T09:00:00;JCDECAUX2010;True
585;2010-01-01T09:00:00;JCDECAUX2010;True
586;2010-01-01T09:00:00;JCDECAUX2010;True
587;2010-01-01T09:00:00;JCDECAUX2010;True
588;2010-01-01T09:00:00;JCDECAUX2010;True
589;2010-01-01T09:00:00;JCDECAUX2010;True
590;2010-01-01T09:00:00;JCDECAUX2010;True
591;2010-01-01T09:00:00;JCDECAUX2010;True
592;2010-01-01T09:00:00;JCDECAUX2010;True
593;2010-01-01T09:00:00;JCDECAUX2010;True
594;2010-01-01T09:00:00;JCDECAUX2010;True
595;2010-01-01T09:00:00;JCDECAUX2010;True
596;2010-01-01T09:00:00;JCDECAUX2010;True
597;2010-01-01T09:00:00;JCDECAUX2010;True
598;2010-01-01T09:00:00;JCDECAUX2010;True
599;2010-01-01T09:00:00;JCDECAUX2010;True
600;2010-01-01T09:00:00;JCDECAUX2010;True
601;2010-01-01T09:00:00;JCDECAUX2010;True
602;2010-01-01T09:00:00;JCDECAUX2010;True
603;2010-01-01T09:00:00;JCDECAUX2010;True
604;2010-01-01T09:00:00;JCDECAUX2010;True
605;2010-01-01T09:00:00;JCDECAUX2010;True
606;2010-01-01T09:00:00;JCDECAUX2010;True
607;2010-01-01T09:00:00;JCDECAUX2010;True
608;2010-01-01T09:00:00;JCDECAUX2010;True
609;2010-01-01T09:00:00;JCDECAUX2010;True
610;2010-01-01T09:00:00;JCDECAUX2010;True
611;2010-01-01T09:00:00;JCDECAUX2010;True
612;2010-01-01T09:00:00;JCDECAUX2010;True
613;2010-01-01T09:00:00;JCDECAUX2010;True
614;2010-01-01T09:00:00;JCDECAUX2010;True
615;2010-01-01T09:00:00;JCDECAUX2010;True
616;2010-01-01T09:00:00;JCDECAUX2010;True
617;2010-01-01T09:00:00;JCDECAUX2010;True
618;2010-01-01T09:00:00;JCDECAUX2010;True
619;2010-01-01T09:00:00;JCDECAUX2010;True
620;2010-01-01T09:00:00;JCDECAUX2010;True
621;2010-01-01T09:00:00;JCDECAUX2010;True
622;2010-01-01T09:00:00;JCDECAUX2010;True
623;2010-01-01T09:00:00;JCDECAUX2010;True
624;2010-01-01T09:00:00;JCDECAUX2010;True
625;2010-01-01T09:00:00;JCDECAUX2010;True
626;2010-01-01T09:00:00;JCDECAUX2010;True
627;2010-01-01T09:00:00;JCDECAUX2010;True
628;2010-01-01T09:00:00;JCDECAUX2010;True
629;2010-01-01T09:00:00;JCDECAUX2010;True
630;2010-01-01T09:00:00;JCDECAUX2010;True
631;2010-01-01T09:00:00;JCDECAUX2010;True
632;2010-01-01T09:00:00;JCDECAUX2010;True
633;2010-01-01T09:00:00;JCDECAUX2010;True
634;2010-01-01T09:00:00;JCDECAUX2010;True
635;2010-01-01T09:00:00;JCDECAUX2010;True
636;2010-01-01T09:00:00;JCDECAUX2010;True
637;2010-01-01T09:00:00;JCDECAUX2010;True
638;2010-01-01T09:00:00;JCDECAUX2010;True
639;2010-01-01T09:00:00;JCDECAUX2010;True
640;2010-01-01T09:00:00;JCDECAUX2010;True
641;2010-01-01T09:00:00;JCDECAUX2010;True
642;2010-01-01T09:00:00;JCDECAUX2010;True
643;2010-01-01T09:00:00;JCDECAUX2010;True
644;2010-01-01T09:00:00;JCDECAUX2010;True
645;2010-01-01T09:00:00;JCDECAUX2010;True
646;2010-01-01T09:00:00;JCDECAUX2010;True
647;2010-01-01T09:00:00;JCDECAUX2010;True
648;2010-01-01T09:00:00;JCDECAUX2010;True
649;2010-01-01T09:00:00;JCDECAUX2010;True
650;2010-01-01T09:00:00;JCDECAUX2010;True
651;2010-01-01T09:00:00;JCDECAUX2010;True
652;2010-01-01T09:00:00;JCDECAUX2010;True
653;2010-01-01T09:00:00;JCDECAUX2010;True
654;2010-01-01T09:00:00;JCDECAUX2010;True
655;2010-01-01T09:00:00;JCDECAUX2010;True
656;2010-01-01T09:00:00;JCDECAUX2010;True
657;2010-01-01T09:00:00;JCDECAUX2010;True
658;2010-01-01T09:00:00;JCDECAUX2010;True
659;2010-01-01T09:00:00;JCDECAUX2010;True
660;2010-01-01T09:00:00;JCDECAUX2010;True
661;2010-01-01T09:00:00;JCDECAUX2010;True
662;2010-01-01T09:00:00;JCDECAUX2010;True
663;2010-01-01T09:00:00;JCDECAUX2010;True
664;2010-01-01T09:00:00;JCDECAUX2010;True
665;2010-01-01T09:00:00;JCDECAUX2010;True
666;2010-01-01T09:00:00;JCDECAUX2010;True
667;2010-01-01T09:00:00;JCDECAUX2010;True
668;2010-01-01T09:00:00;JCDECAUX2010;True
669;2010-01-01T09:00:00;JCDECAUX2010;True
670;2010-01-01T09:00:00;JCDECAUX2010;True
671;2010-01-01T09:00:00;JCDECAUX2010;True
672;2010-01-01T09:00:00;JCDECAUX2010;True
673;2010-01-01T09:00:00;JCDECAUX2010;True
674;2010-01-01T09:00:00;JCDECAUX2010;True
675;2010-01-01T09:00:00;JCDECAUX2010;True
676;2010-01-01T09:00:00;JCDECAUX2010;True
677;2010-01-01T09:00:00;JCDECAUX2010;True
678;2010-01-01T09:00:00;JCDECAUX2010;True
679;2010-01-01T09:00:00;JCDECAUX2010;True
680;2010-01-01T09:00:00;JCDECAUX2010;True
681;2010-01-01T09:00:00;JCDECAUX2010;True
682;2010-01-01T09:00:00;JCDECAUX2010;True
683;2010-01-01T09:00:00;JCDECAUX2010;True
684;2010-01-01T09:00:00;JCDECAUX2010;True
685;2010-01-01T09:00:00;JCDECAUX2010;True
686;2010-01-01T09:00:00;JCDECAUX2010;True
687;2010-01-01T09:00:00;JCDECAUX2010;True
688;2010-01-01T09:00:00;JCDECAUX2010;True
689;2010-01-01T09:00:00;JCDECAUX2010;True
690;2010-01-01T09:00:00;JCDECAUX2010;True
691;2010-01-01T09:00:00;JCDECAUX2010;True
692;2010-01-01T09:00:00;JCDECAUX2010;True
693;2010-01-01T09:00:00;JCDECAUX2010;True
694;2010-01-01T09:00:00;JCDECAUX2010;True
695;2010-01-01T09:00:00;JCDECAUX2010;True
696;2010-01-01T09:00:00;JCDECAUX2010;True
697;2010-01-01T09:00:00;JCDECAUX2010;True
698;2010-01-01T09:00:00;JCDECAUX2010;True
699;2010-01-01T09:00:00;JCDECAUX2010;True
700;2010-01-01T09:00:00;JCDECAUX2010;True
701;2010-01-01T09:00:00;JCDECAUX2010;True
702;2010-01-01T09:00:00;JCDECAUX2010;True
703;2010-01-01T09:00:00;JCDECAUX2010;True
704;2010-01-01T09:00:00;JCDECAUX2010;True
705;2010-01-01T09:00:00;JCDECAUX2010;True
706;2010-01-01T09:00:00;JCDECAUX2010;True
707;2010-01-01T09:00:00;JCDECAUX2010;True
708;2010-01-01T09:00:00;JCDECAUX2010;True
709;2010-01-01T09:00:00;JCDECAUX2010;True
710;2010-01-01T09:00:00;JCDECAUX2010;True
711;2010-01-01T09:00:00;JCDECAUX2010;True
712;2010-01-01T09:00:00;JCDECAUX2010;True
713;2010-01-01T09:00:00;JCDECAUX2010;True
714;2010-01-01T09:00:00;JCDECAUX2010;True
715;2010-01-01T09:00:00;JCDECAUX2010;True
716;2010-01-01T09:00:00;JCDECAUX2010;True
717;2010-01-01T09:00:00;JCDECAUX2010;True
718;2010-01-01T09:00:00;JCDECAUX2010;True
719;2010-01-01T09:00:00;JCDECAUX2010;True
720;2010-01-01T09:00:00;JCDECAUX2010;True
721;2010-01-01T09:00:00;JCDECAUX2010;True
722;2010-01-01T09:00:00;JCDECAUX2010;True
723;2010-01-01T09:00:00;JCDECAUX2010;True
724;2010-01-01T09:00:00;JCDECAUX2010;True
725;2010-01-01T09:00:00;JCDECAUX2010;True
726;2010-01-01T09:00:00;JCDECAUX2010;True
727;2010-01-01T09:00:00;JCDECAUX2010;True
728;2010-01-01T09:00:00;JCDECAUX2010;True
729;2010-01-01T09:00:00;JCDECAUX2010;True
730;2010-01-01T09:00:00;JCDECAUX2010;True
731;2010-01-01T09:00:00;JCDECAUX2010;True
732;2010-01-01T09:00:00;JCDECAUX2010;True
733;2010-01-01T09:00:00;JCDECAUX2010;True
734;2010-01-01T09:00:00;JCDECAUX2010;True
735;2010-01-01T09:00:00;JCDECAUX2010;True
736;2010-01-01T09:00:00;JCDECAUX2010;True
737;2010-01-01T09:00:00;JCDECAUX2010;True
738;2010-01-01T09:00:00;JCDECAUX2010;True
739;2010-01-01T09:00:00;JCDECAUX2010;True
740;2010-01-01T09:00:00;JCDECAUX2010;True
741;2010-01-01T09:00:00;JCDECAUX2010;True
742;2010-01-01T09:00:00;JCDECAUX2010;True
743;2010-01-01T09:00:00;JCDECAUX2010;True
744;2010-01-01T09:00:00;JCDECAUX2010;True
745;2010-01-01T09:00:00;JCDECAUX2010;True
746;2010-01-01T09:00:00;JCDECAUX2010;True
747;2010-01-01T09:00:00;JCDECAUX2010;True
748;2010-01-01T09:00:00;JCDECAUX2010;True
749;2010-01-01T09:00:00;JCDECAUX2010;True
750;2010-01-01T09:00:00;JCDECAUX2010;True
751;2010-01-01T09:00:00;JCDECAUX2010;True
752;2010-01-01T09:00:00;JCDECAUX2010;True
753;2010-01-01T09:00:00;JCDECAUX2010;True
754;2010-01-01T09:00:00;JCDECAUX2010;True
755;2010-01-01T09:00:00;JCDECAUX2010;True
756;2010-01-01T09:00:00;JCDECAUX2010;True
757;2010-01-01T09:00:00;JCDECAUX2010;True
758;2010-01-01T09:00:00;JCDECAUX2010;True
759;2010-01-01T09:00:00;JCDECAUX2010;True
760;2010-01-01T09:00:00;JCDECAUX2010;True
761;2010-01-01T09:00:00;JCDECAUX2010;True
762;2010-01-01T09:00:00;JCDECAUX2010;True
763;2010-01-01T09:00:00;JCDECAUX2010;True
764;2010-01-01T09:00:00;JCDECAUX2010;True
765;2010-01-01T09:00:00;JCDECAUX2010;True
766;2010-01-01T09:00:00;JCDECAUX2010;True
767;2010-01-01T09:00:00;JCDECAUX2010;True
768;2010-01-01T09:00:00;JCDECAUX2010;True
769;2010-01-01T09:00:00;JCDECAUX2010;True
770;2010-01-01T09:00:00;JCDECAUX2010;True
771;2010-01-01T09:00:00;JCDECAUX2010;True
772;2010-01-01T09:00:00;JCDECAUX2010;True
773;2010-01-01T09:00:00;JCDECAUX2010;True
774;2010-01-01T09:00:00;JCDECAUX2010;True
775;2010-01-01T09:00:00;JCDECAUX2010;True
776;2010-01-01T09:00:00;JCDECAUX2010;True
777;2010-01-01T09:00:00;JCDECAUX2010;True
778;2010-01-01T09:00:00;JCDECAUX2010;True
779;2010-01-01T09:00:00;JCDECAUX2010;True
780;2010-01-01T09:00:00;JCDECAUX2010;True
781;2010-01-01T09:00:00;JCDECAUX2010;True
782;2010-01-01T09:00:00;JCDECAUX2010;True
783;2010-01-01T09:00:00;JCDECAUX2010;True
784;2010-01-01T09:00:00;JCDECAUX2010;True
785;2010-01-01T09:00:00;JCDECAUX2010;True
786;2010-01-01T09:00:00;JCDECAUX2010;True
787;2010-01-01T09:00:00;JCDECAUX2010;True
788;2010-01-01T09:00:00;JCDECAUX2010;True
789;2010-01-01T09:00:00;JCDECAUX2010;True
790;2010-01-01T09:00:00;JCDECAUX2010;True
791;2010-01-01T09:00:00;JCDECAUX2010;True
792;2010-01-01T09:00:00;JCDECAUX2010;True
793;2010-01-01T09:00:00;JCDECAUX2010;True
794;2010-01-01T09:00:00;JCDECAUX2010;True
795;2010-01-01T09:00:00;JCDECAUX2010;True
796;2010-01-01T09:00:00;JCDECAUX2010;True
797;2010-01-01T09:00:00;JCDECAUX2010;True
798;2010-01-01T09:00:00;JCDECAUX2010;True
799;2010-01-01T09:00:00;JCDECAUX2010;True
800;2010-01-01T09:00:00;JCDECAUX2010;True
801;2010-01-01T09:00:00;JCDECAUX2010;True
802;2010-01-01T09:00:00;JCDECAUX2010;True
803;2010-01-01T09:00:00;JCDECAUX2010;True
804;2010-01-01T09:00:00;JCDECAUX2010;True
805;2010-01-01T09:00:00;JCDECAUX2010;True
806;2010-01-01T09:00:00;JCDECAUX2010;True
807;2010-01-01T09:00:00;JCDECAUX2010;True
808;2010-01-01T09:00:00;JCDECAUX2010;True
809;2010-01-01T09:00:00;JCDECAUX2010;True
810;2010-01-01T09:00:00;JCDECAUX2010;True
811;2010-01-01T09:00:00;JCDECAUX2010;True
812;2010-01-01T09:00:00;JCDECAUX2010;True
813;2010-01-01T09:00:00;JCDECAUX2010;True
814;2010-01-01T09:00:00;JCDECAUX2010;True
815;2010-01-01T09:00:00;JCDECAUX2010;True
816;2010-01-01T09:00:00;JCDECAUX2010;True
817;2010-01-01T09:00:00;JCDECAUX2010;True
818;2010-01-01T09:00:00;JCDECAUX2010;True
819;2010-01-01T09:00:00;JCDECAUX2010;True
820;2010-01-01T09:00:00;JCDECAUX2010;True
821;2010-01-01T09:00:00;JCDECAUX2010;True
822;2010-01-01T09:00:00;JCDECAUX2010;True
823;2010-01-01T09:00:00;JCDECAUX2010;True
824;2010-01-01T09:00:00;JCDECAUX2010;True
825;2010-01-01T09:00:00;JCDECAUX2010;True
826;2010-01-01T09:00:00;JCDECAUX2010;True
827;2010-01-01T09:00:00;JCDECAUX2010;True
828;2010-01-01T09:00:00;JCDECAUX2010;True
829;2010-01-01T09:00:00;JCDECAUX2010;True
830;2010-01-01T09:00:00;JCDECAUX2010;True
831;2010-01-01T09:00:00;JCDECAUX2010;True
832;2010-01-01T09:00:00;JCDECAUX2010;True
833;2010-01-01T09:00:00;JCDECAUX2010;True
834;2010-01-01T09:00:00;JCDECAUX2010;True
835;2010-01-01T09:00:00;JCDECAUX2010;True
836;2010-01-01T09:00:00;JCDECAUX2010;True
837;2010-01-01T09:00:00;JCDECAUX2010;True
838;2010-01-01T09:00:00;JCDECAUX2010;True
839;2010-01-01T09:00:00;JCDECAUX2010;True
840;2010-01-01T09:00:00;JCDECAUX2010;True
841;2010-01-01T09:00:00;JCDECAUX2010;True
842;2010-01-01T09:00:00;JCDECAUX2010;True
843;2010-01-01T09:00:00;JCDECAUX2010;True
844;2010-01-01T09:00:00;JCDECAUX2010;True
845;2010-01-01T09:00:00;JCDECAUX2010;True
846;2010-01-01T09:00:00;JCDECAUX2010;True
847;2010-01-01T09:00:00;JCDECAUX2010;True
848;2010-01-01T09:00:00;JCDECAUX2010;True
849;2010-01-01T09:00:00;JCDECAUX2010;True
850;2010-01-01T09:00:00;JCDECAUX2010;True
851;2010-01-01T09:00:00;JCDECAUX2010;True
852;2010-01-01T09:00:00;JCDECAUX2010;True
853;2010-01-01T09:00:00;JCDECAUX2010;True
854;2010-01-01T09:00:00;JCDECAUX2010;True
855;2010-01-01T09:00:00;JCDECAUX2010;True
856;2010-01-01T09:00:00;JCDECAUX2010;True
857;2010-01-01T09:00:00;JCDECAUX2010;True
858;2010-01-01T09:00:00;JCDECAUX2010;True
859;2010-01-01T09:00:00;JCDECAUX2010;True
860;2010-01-01T09:00:00;JCDECAUX2010;True
861;2010-01-01T09:00:00;JCDECAUX2010;True
862;2010-01-01T09:00:00;JCDECAUX2010;True
863;2010-01-01T09:00:00;JCDECAUX2010;True
864;2010-01-01T09:00:00;JCDECAUX2010;True
865;2010-01-01T09:00:00;JCDECAUX2010;True
866;2010-01-01T09:00:00;JCDECAUX2010;True
867;2010-01-01T09:00:00;JCDECAUX2010;True
868;2010-01-01T09:00:00;JCDECAUX2010;True
869;2010-01-01T09:00:00;JCDECAUX2010;True
870;2010-01-01T09:00:00;JCDECAUX2010;True
871;2010-01-01T09:00:00;JCDECAUX2010;True
872;2010-01-01T09:00:00;JCDECAUX2010;True
873;2010-01-01T09:00:00;JCDECAUX2010;True
874;2010-01-01T09:00:00;JCDECAUX2010;True
875;2010-01-01T09:00:00;JCDECAUX2010;True
876;2010-01-01T09:00:00;JCDECAUX2010;True
877;2010-01-01T09:00:00;JCDECAUX2010;True
878;2010-01-01T09:00:00;JCDECAUX2010;True
879;2010-01-01T09:00:00;JCDECAUX2010;True
880;2010-01-01T09:00:00;JCDECAUX2010;True
881;2010-01-01T09:00:00;JCDECAUX2010;True
882;2010-01-01T09:00:00;JCDECAUX2010;True
883;2010-01-01T09:00:00;JCDECAUX2010;True
884;2010-01-01T09:00:00;JCDECAUX2010;True
885;2010-01-01T09:00:00;JCDECAUX2010;True
886;2010-01-01T09:00:00;JCDECAUX2010;True
887;2010-01-01T09:00:00;JCDECAUX2010;True
888;2010-01-01T09:00:00;JCDECAUX2010;True
889;2010-01-01T09:00:00;JCDECAUX2010;True
890;2010-01-01T09:00:00;JCDECAUX2010;True
891;2010-01-01T09:00:00;JCDECAUX2010;True
892;2010-01-01T09:00:00;JCDECAUX2010;True
893;2010-01-01T09:00:00;JCDECAUX2010;True
894;2010-01-01T09:00:00;JCDECAUX2010;True
895;2010-01-01T09:00:00;JCDECAUX2010;True
896;2010-01-01T09:00:00;JCDECAUX2010;True
897;2010-01-01T09:00:00;JCDECAUX2010;True
898;2010-01-01T09:00:00;JCDECAUX2010;True
899;2010-01-01T09:00:00;JCDECAUX2010;True
900;2010-01-01T09:00:00;JCDECAUX2010;True
901;2010-01-01T09:00:00;JCDECAUX2010;True
902;2010-01-01T09:00:00;JCDECAUX2010;True
903;2010-01-01T09:00:00;JCDECAUX2010;True
904;2010-01-01T09:00:00;JCDECAUX2010;True
905;2010-01-01T09:00:00;JCDECAUX2010;True
906;2010-01-01T09:00:00;JCDECAUX2010;True
907;2010-01-01T09:00:00;JCDECAUX2010;True
908;2010-01-01T09:00:00;JCDECAUX2010;True
909;2010-01-01T09:00:00;JCDECAUX2010;True
910;2010-01-01T09:00:00;JCDECAUX2010;True
911;2010-01-01T09:00:00;JCDECAUX2010;True
912;2010-01-01T09:00:00;JCDECAUX2010;True
913;2010-01-01T09:00:00;JCDECAUX2010;True
914;2010-01-01T09:00:00;JCDECAUX2010;True
915;2010-01-01T09:00:00;JCDECAUX2010;True
916;2010-01-01T09:00:00;JCDECAUX2010;True
917;2010-01-01T09:00:00;JCDECAUX2010;True
918;2010-01-01T09:00:00;JCDECAUX2010;True
919;2010-01-01T09:00:00;JCDECAUX2010;True
920;2010-01-01T09:00:00;JCDECAUX2010;True
921;2010-01-01T09:00:00;JCDECAUX2010;True
922;2010-01-01T09:00:00;JCDECAUX2010;True
923;2010-01-01T09:00:00;JCDECAUX2010;True
924;2010-01-01T09:00:00;JCDECAUX2010;True
925;2010-01-01T09:00:00;JCDECAUX2010;True
926;2010-01-01T09:00:00;JCDECAUX2010;True
927;2010-01-01T09:00:00;JCDECAUX2010;True
928;2010-01-01T09:00:00;JCDECAUX2010;True
929;2010-01-01T09:00:00;JCDECAUX2010;True
930;2010-01-01T09:00:00;JCDECAUX2010;True
931;2010-01-01T09:00:00;JCDECAUX2010;True
932;2010-01-01T09:00:00;JCDECAUX2010;True
933;2010-01-01T09:00:00;JCDECAUX2010;True
934;2010-01-01T09:00:00;JCDECAUX2010;True
935;2010-01-01T09:00:00;JCDECAUX2010;True
936;2010-01-01T09:00:00;JCDECAUX2010;True
937;2010-01-01T09:00:00;JCDECAUX2010;True
938;2010-01-01T09:00:00;JCDECAUX2010;True
939;2010-01-01T09:00:00;JCDECAUX2010;True
940;2010-01-01T09:00:00;JCDECAUX2010;True
941;2010-01-01T09:00:00;JCDECAUX2010;True
942;2010-01-01T09:00:00;JCDECAUX2010;True
943;2010-01-01T09:00:00;JCDECAUX2010;True
944;2010-01-01T09:00:00;JCDECAUX2010;True
945;2010-01-01T09:00:00;JCDECAUX2010;True
946;2010-01-01T09:00:00;JCDECAUX2010;True
947;2010-01-01T09:00:00;JCDECAUX2010;True
948;2010-01-01T09:00:00;JCDECAUX2010;True
949;2010-01-01T09:00:00;JCDECAUX2010;True
950;2010-01-01T09:00:00;JCDECAUX2010;True
951;2010-01-01T09:00:00;JCDECAUX2010;True
952;2010-01-01T09:00:00;JCDECAUX2010;True
953;2010-01-01T09:00:00;JCDECAUX2010;True
954;2010-01-01T09:00:00;JCDECAUX2010;True
955;2010-01-01T09:00:00;JCDECAUX2010;True
956;2010-01-01T09:00:00;JCDECAUX2010;True
957;2010-01-01T09:00:00;JCDECAUX2010;True
958;2010-01-01T09:00:00;JCDECAUX2010;True
959;2010-01-01T09:00:00;JCDECAUX2010;True
960;2010-01-01T09:00:00;JCDECAUX2010;True
961;2010-01-01T09:00:00;JCDECAUX2010;True
962;2010-01-01T09:00:00;JCDECAUX2010;True
963;2010-01-01T09:00:00;JCDECAUX2010;True
964;2010-01-01T09:00:00;JCDECAUX2010;True
965;2010-01-01T09:00:00;JCDECAUX2010;True
966;2010-01-01T09:00:00;JCDECAUX2010;True
967;2010-01-01T09:00:00;JCDECAUX2010;True
968;2010-01-01T09:00:00;JCDECAUX2010;True
969;2010-01-01T09:00:00;JCDECAUX2010;True
970;2010-01-01T09:00:00;JCDECAUX2010;True
971;2010-01-01T09:00:00;JCDECAUX2010;True
972;2010-01-01T09:00:00;JCDECAUX2010;True
973;2010-01-01T09:00:00;JCDECAUX2010;True
974;2010-01-01T09:00:00;JCDECAUX2010;True
975;2010-01-01T09:00:00;JCDECAUX2010;True
976;2010-01-01T09:00:00;JCDECAUX2010;True
977;2010-01-01T09:00:00;JCDECAUX2010;True
978;2010-01-01T09:00:00;JCDECAUX2010;True
979;2010-01-01T09:00:00;JCDECAUX2010;True
980;2010-01-01T09:00:00;JCDECAUX2010;True
981;2010-01-01T09:00:00;JCDECAUX2010;True
982;2010-01-01T09:00:00;JCDECAUX2010;True
983;2010-01-01T09:00:00;JCDECAUX2010;True
984;2010-01-01T09:00:00;JCDECAUX2010;True
985;2010-01-01T09:00:00;JCDECAUX2010;True
986;2010-01-01T09:00:00;JCDECAUX2010;True
987;2010-01-01T09:00:00;JCDECAUX2010;True
988;2010-01-01T09:00:00;JCDECAUX2010;True
989;2010-01-01T09:00:00;JCDECAUX2010;True
990;2010-01-01T09:00:00;JCDECAUX2010;True
991;2010-01-01T09:00:00;JCDECAUX2010;True
992;2010-01-01T09:00:00;JCDECAUX2010;True
993;2010-01-01T09:00:00;JCDECAUX2010;True
994;2010-01-01T09:00:00;JCDECAUX2010;True
995;2010-01-01T09:00:00;JCDECAUX2010;True
996;2010-01-01T09:00:00;JCDECAUX2010;True
997;2010-01-01T09:00:00;JCDECAUX2010;True
998;2010-01-01T09:00:00;JCDECAUX2010;True
999;2010-01-01T09:00:00;JCDECAUX2010;True
1000;2010-01-01T09:00:00;JCDECAUX2010;True
1001;2010-01-01T09:00:00;JCDECAUX2010;True
1002;2010-01-01T09:00:00;JCDECAUX2010;True
1003;2010-01-01T09:00:00;JCDECAUX2010;True
1004;2010-01-01T09:00:00;JCDECAUX2010;True
1005;2010-01-01T09:00:00;JCDECAUX2010;True
1006;2010-01-01T09:00:00;JCDECAUX2010;True
1007;2010-01-01T09:00:00;JCDECAUX2010;True
1008;2010-01-01T09:00:00;JCDECAUX2010;True
1009;2010-01-01T09:00:00;JCDECAUX2010;True
1010;2010-01-01T09:00:00;JCDECAUX2010;True
1011;2010-01-01T09:00:00;JCDECAUX2010;True
1012;2010-01-01T09:00:00;JCDECAUX2010;True
1013;2010-01-01T09:00:00;JCDECAUX2010;True
1014;2010-01-01T09:00:00;JCDECAUX2010;True
1015;2010-01-01T09:00:00;JCDECAUX2010;True
1016;2010-01-01T09:00:00;JCDECAUX2010;True
1017;2010-01-01T09:00:00;JCDECAUX2010;True
1018;2010-01-01T09:00:00;JCDECAUX2010;True
1019;2010-01-01T09:00:00;JCDECAUX2010;True
1020;2010-01-01T09:00:00;JCDECAUX2010;True
1021;2010-01-01T09:00:00;JCDECAUX2010;True
1022;2010-01-01T09:00:00;JCDECAUX2010;True
1023;2010-01-01T09:00:00;JCDECAUX2010;True
1024;2010-01-01T09:00:00;JCDECAUX2010;True
1025;2010-01-01T09:00:00;JCDECAUX2010;True
1026;2010-01-01T09:00:00;JCDECAUX2010;True
1027;2010-01-01T09:00:00;JCDECAUX2010;True
1028;2010-01-01T09:00:00;JCDECAUX2010;True
1029;2010-01-01T09:00:00;JCDECAUX2010;True
1030;2010-01-01T09:00:00;JCDECAUX2010;True
1031;2010-01-01T09:00:00;JCDECAUX2010;True
1032;2010-01-01T09:00:00;JCDECAUX2010;True
1033;2010-01-01T09:00:00;JCDECAUX2010;True
1034;2010-01-01T09:00:00;JCDECAUX2010;True
1035;2010-01-01T09:00:00;JCDECAUX2010;True
1036;2010-01-01T09:00:00;JCDECAUX2010;True
1037;2010-01-01T09:00:00;JCDECAUX2010;True
1038;2010-01-01T09:00:00;JCDECAUX2010;True
1039;2010-01-01T09:00:00;JCDECAUX2010;True
1040;2010-01-01T09:00:00;JCDECAUX2010;True
1041;2010-01-01T09:00:00;JCDECAUX2010;True
1042;2010-01-01T09:00:00;JCDECAUX2010;True
1043;2010-01-01T09:00:00;JCDECAUX2010;True
1044;2010-01-01T09:00:00;JCDECAUX2010;True
1045;2010-01-01T09:00:00;JCDECAUX2010;True
1046;2010-01-01T09:00:00;JCDECAUX2010;True
1047;2010-01-01T09:00:00;JCDECAUX2010;True
1048;2010-01-01T09:00:00;JCDECAUX2010;True
1049;2010-01-01T09:00:00;JCDECAUX2010;True
1050;2010-01-01T09:00:00;JCDECAUX2010;True
1051;2010-01-01T09:00:00;JCDECAUX2010;True
1052;2010-01-01T09:00:00;JCDECAUX2010;True
1053;2010-01-01T09:00:00;JCDECAUX2010;True
1054;2010-01-01T09:00:00;JCDECAUX2010;True
1055;2010-01-01T09:00:00;JCDECAUX2010;True
1056;2010-01-01T09:00:00;JCDECAUX2010;True
1057;2010-01-01T09:00:00;JCDECAUX2010;True
1058;2010-01-01T09:00:00;JCDECAUX2010;True
1059;2010-01-01T09:00:00;JCDECAUX2010;True
1060;2010-01-01T09:00:00;JCDECAUX2010;True
1061;2010-01-01T09:00:00;JCDECAUX2010;True
1062;2010-01-01T09:00:00;JCDECAUX2010;True
1063;2010-01-01T09:00:00;JCDECAUX2010;True
1064;2010-01-01T09:00:00;JCDECAUX2010;True
1065;2010-01-01T09:00:00;JCDECAUX2010;True
1066;2010-01-01T09:00:00;JCDECAUX2010;True
1067;2010-01-01T09:00:00;JCDECAUX2010;True
1068;2010-01-01T09:00:00;JCDECAUX2010;True
1069;2010-01-01T09:00:00;JCDECAUX2010;True
1070;2010-01-01T09:00:00;JCDECAUX2010;True
1071;2010-01-01T09:00:00;JCDECAUX2010;True
1072;2010-01-01T09:00:00;JCDECAUX2010;True
1073;2010-01-01T09:00:00;JCDECAUX2010;True
1074;2010-01-01T09:00:00;JCDECAUX2010;True
1075;2010-01-01T09:00:00;JCDECAUX2010;True
1076;2010-01-01T09:00:00;JCDECAUX2010;True
1077;2010-01-01T09:00:00;JCDECAUX2010;True
1078;2010-01-01T09:00:00;JCDECAUX2010;True
1079;2010-01-01T09:00:00;JCDECAUX2010;True
1080;2010-01-01T09:00:00;JCDECAUX2010;True
1081;2010-01-01T09:00:00;JCDECAUX2010;True
1082;2010-01-01T09:00:00;JCDECAUX2010;True
1083;2010-01-01T09:00:00;JCDECAUX2010;True
1084;2010-01-01T09:00:00;JCDECAUX2010;True
1085;2010-01-01T09:00:00;JCDECAUX2010;True
1086;2010-01-01T09:00:00;JCDECAUX2010;True
1087;2010-01-01T09:00:00;JCDECAUX2010;True
1088;2010-01-01T09:00:00;JCDECAUX2010;True
1089;2010-01-01T09:00:00;JCDECAUX2010;True
1090;2010-01-01T09:00:00;JCDECAUX2010;True
1091;2010-01-01T09:00:00;JCDECAUX2010;True
1092;2010-01-01T09:00:00;JCDECAUX2010;True
1093;2010-01-01T09:00:00;JCDECAUX2010;True
1094;2010-01-01T09:00:00;JCDECAUX2010;True
1095;2010-01-01T09:00:00;JCDECAUX2010;True
1096;2010-01-01T09:00:00;JCDECAUX2010;True
1097;2010-01-01T09:00:00;JCDECAUX2010;True
1098;2010-01-01T09:00:00;JCDECAUX2010;True
1099;2010-01-01T09:00:00;JCDECAUX2010;True
1100;2010-01-01T09:00:00;JCDECAUX2010;True
1101;2010-01-01T09:00:00;JCDECAUX2010;True
1102;2010-01-01T09:00:00;JCDECAUX2010;True
1103;2010-01-01T09:00:00;JCDECAUX2010;True
1104;2010-01-01T09:00:00;JCDECAUX2010;True
1105;2010-01-01T09:00:00;JCDECAUX2010;True
1106;2010-01-01T09:00:00;JCDECAUX2010;True
1107;2010-01-01T09:00:00;JCDECAUX2010;True
1108;2010-01-01T09:00:00;JCDECAUX2010;True
1109;2010-01-01T09:00:00;JCDECAUX2010;True
1110;2010-01-01T09:00:00;JCDECAUX2010;True
1111;2010-01-01T09:00:00;JCDECAUX2010;True
1112;2010-01-01T09:00:00;JCDECAUX2010;True
1113;2010-01-01T09:00:00;JCDECAUX2010;True
1114;2010-01-01T09:00:00;JCDECAUX2010;True
1115;2010-01-01T09:00:00;JCDECAUX2010;True
1116;2010-01-01T09:00:00;JCDECAUX2010;True
1117;2010-01-01T09:00:00;JCDECAUX2010;True
1118;2010-01-01T09:00:00;JCDECAUX2010;True
1119;2010-01-01T09:00:00;JCDECAUX2010;True
1120;2010-01-01T09:00:00;JCDECAUX2010;True
1121;2010-01-01T09:00:00;JCDECAUX2010;True
1122;2010-01-01T09:00:00;JCDECAUX2010;True
1123;2010-01-01T09:00:00;JCDECAUX2010;True
1124;2010-01-01T09:00:00;JCDECAUX2010;True
1125;2010-01-01T09:00:00;JCDECAUX2010;True
1126;2010-01-01T09:00:00;JCDECAUX2010;True
1127;2010-01-01T09:00:00;JCDECAUX2010;True
1128;2010-01-01T09:00:00;JCDECAUX2010;True
1129;2010-01-01T09:00:00;JCDECAUX2010;True
1130;2010-01-01T09:00:00;JCDECAUX2010;True
1131;2010-01-01T09:00:00;JCDECAUX2010;True
1132;2010-01-01T09:00:00;JCDECAUX2010;True
1133;2010-01-01T09:00:00;JCDECAUX2010;True
1134;2010-01-01T09:00:00;JCDECAUX2010;True
1135;2010-01-01T09:00:00;JCDECAUX2010;True
1136;2010-01-01T09:00:00;JCDECAUX2010;True
1137;2010-01-01T09:00:00;JCDECAUX2010;True
1138;2010-01-01T09:00:00;JCDECAUX2010;True
1139;2010-01-01T09:00:00;JCDECAUX2010;True
1140;2010-01-01T09:00:00;JCDECAUX2010;True
1141;2010-01-01T09:00:00;JCDECAUX2010;True
1142;2010-01-01T09:00:00;JCDECAUX2010;True
1143;2010-01-01T09:00:00;JCDECAUX2010;True
1144;2010-01-01T09:00:00;JCDECAUX2010;True
1145;2010-01-01T09:00:00;JCDECAUX2010;True
1146;2010-01-01T09:00:00;JCDECAUX2010;True
1147;2010-01-01T09:00:00;JCDECAUX2010;True
1148;2010-01-01T09:00:00;JCDECAUX2010;True
1149;2010-01-01T09:00:00;JCDECAUX2010;True
1150;2010-01-01T09:00:00;JCDECAUX2010;True
1151;2010-01-01T09:00:00;JCDECAUX2010;True
1152;2010-01-01T09:00:00;JCDECAUX2010;True
1153;2010-01-01T09:00:00;JCDECAUX2010;True
1154;2010-01-01T09:00:00;JCDECAUX2010;True
1155;2010-01-01T09:00:00;JCDECAUX2010;True
1156;2010-01-01T09:00:00;JCDECAUX2010;True
1157;2010-01-01T09:00:00;JCDECAUX2010;True
1158;2010-01-01T09:00:00;JCDECAUX2010;True
1159;2010-01-01T09:00:00;JCDECAUX2010;True
1160;2010-01-01T09:00:00;JCDECAUX2010;True
1161;2010-01-01T09:00:00;JCDECAUX2010;True
1162;2010-01-01T09:00:00;JCDECAUX2010;True
1163;2010-01-01T09:00:00;JCDECAUX2010;True
1164;2010-01-01T09:00:00;JCDECAUX2010;True
1165;2010-01-01T09:00:00;JCDECAUX2010;True
1166;2010-01-01T09:00:00;JCDECAUX2010;True
1167;2010-01-01T09:00:00;JCDECAUX2010;True
1168;2010-01-01T09:00:00;JCDECAUX2010;True
1169;2010-01-01T09:00:00;JCDECAUX2010;True
1170;2010-01-01T09:00:00;JCDECAUX2010;True
1171;2010-01-01T09:00:00;JCDECAUX2010;True
1172;2010-01-01T09:00:00;JCDECAUX2010;True
1173;2010-01-01T09:00:00;JCDECAUX2010;True
1174;2010-01-01T09:00:00;JCDECAUX2010;True
1175;2010-01-01T09:00:00;JCDECAUX2010;True
1176;2010-01-01T09:00:00;JCDECAUX2010;True
1177;2010-01-01T09:00:00;JCDECAUX2010;True
1178;2010-01-01T09:00:00;JCDECAUX2010;True
1179;2010-01-01T09:00:00;JCDECAUX2010;True
1180;2010-01-01T09:00:00;JCDECAUX2010;True
1181;2010-01-01T09:00:00;JCDECAUX2010;True
1182;2010-01-01T09:00:00;JCDECAUX2010;True
1183;2010-01-01T09:00:00;JCDECAUX2010;True
1184;2010-01-01T09:00:00;JCDECAUX2010;True
1185;2010-01-01T09:00:00;JCDECAUX2010;True
1186;2010-01-01T09:00:00;JCDECAUX2010;True
1187;2010-01-01T09:00:00;JCDECAUX2010;True
1188;2010-01-01T09:00:00;JCDECAUX2010;True
1189;2010-01-01T09:00:00;JCDECAUX2010;True
1190;2010-01-01T09:00:00;JCDECAUX2010;True
1191;2010-01-01T09:00:00;JCDECAUX2010;True
1192;2010-01-01T09:00:00;JCDECAUX2010;True
1193;2010-01-01T09:00:00;JCDECAUX2010;True
1194;2010-01-01T09:00:00;JCDECAUX2010;True
1195;2010-01-01T09:00:00;JCDECAUX2010;True
1196;2010-01-01T09:00:00;JCDECAUX2010;True
1197;2010-01-01T09:00:00;JCDECAUX2010;True
1198;2010-01-01T09:00:00;JCDECAUX2010;True
1199;2010-01-01T09:00:00;JCDECAUX2010;True
1200;2010-01-01T09:00:00;JCDECAUX2010;True
1201;2010-01-01T09:00:00;JCDECAUX2010;True
1202;2010-01-01T09:00:00;JCDECAUX2010;True
1203;2010-01-01T09:00:00;JCDECAUX2010;True
1204;2010-01-01T09:00:00;JCDECAUX2010;True
1205;2010-01-01T09:00:00;JCDECAUX2010;True
1206;2010-01-01T09:00:00;JCDECAUX2010;True
1207;2010-01-01T09:00:00;JCDECAUX2010;True
1208;2010-01-01T09:00:00;JCDECAUX2010;True
1209;2010-01-01T09:00:00;JCDECAUX2010;True
1210;2010-01-01T09:00:00;JCDECAUX2010;True
1211;2010-01-01T09:00:00;JCDECAUX2010;True
1212;2010-01-01T09:00:00;JCDECAUX2010;True
1213;2010-01-01T09:00:00;JCDECAUX2010;True
1214;2010-01-01T09:00:00;JCDECAUX2010;True
1215;2010-01-01T09:00:00;JCDECAUX2010;True
1216;2010-01-01T09:00:00;JCDECAUX2010;True
1217;2010-01-01T09:00:00;JCDECAUX2010;True
1218;2010-01-01T09:00:00;JCDECAUX2010;True
1219;2010-01-01T09:00:00;JCDECAUX2010;True
1220;2010-01-01T09:00:00;JCDECAUX2010;True
1221;2010-01-01T09:00:00;JCDECAUX2010;True
1222;2010-01-01T09:00:00;JCDECAUX2010;True
1223;2010-01-01T09:00:00;JCDECAUX2010;True
1224;2010-01-01T09:00:00;JCDECAUX2010;True
1225;2010-01-01T09:00:00;JCDECAUX2010;True
1226;2010-01-01T09:00:00;JCDECAUX2010;True
1227;2010-01-01T09:00:00;JCDECAUX2010;True
1228;2010-01-01T09:00:00;JCDECAUX2010;True
1229;2010-01-01T09:00:00;JCDECAUX2010;True
1230;2010-01-01T09:00:00;JCDECAUX2010;True
1231;2010-01-01T09:00:00;JCDECAUX2010;True
1232;2010-01-01T09:00:00;JCDECAUX2010;True
1233;2010-01-01T09:00:00;JCDECAUX2010;True
1234;2010-01-01T09:00:00;JCDECAUX2010;True
1235;2010-01-01T09:00:00;JCDECAUX2010;True
1236;2010-01-01T09:00:00;JCDECAUX2010;True
1237;2010-01-01T09:00:00;JCDECAUX2010;True
1238;2010-01-01T09:00:00;JCDECAUX2010;True
1239;2010-01-01T09:00:00;JCDECAUX2010;True
1240;2010-01-01T09:00:00;JCDECAUX2010;True
1241;2010-01-01T09:00:00;JCDECAUX2010;True
1242;2010-01-01T09:00:00;JCDECAUX2010;True
1243;2010-01-01T09:00:00;JCDECAUX2010;True
1244;2010-01-01T09:00:00;JCDECAUX2010;True
1245;2010-01-01T09:00:00;JCDECAUX2010;True
1246;2010-01-01T09:00:00;JCDECAUX2010;True
1247;2010-01-01T09:00:00;JCDECAUX2010;True
1248;2010-01-01T09:00:00;JCDECAUX2010;True
1249;2010-01-01T09:00:00;JCDECAUX2010;True
1250;2010-01-01T09:00:00;JCDECAUX2010;True
1251;2010-01-01T09:00:00;JCDECAUX2010;True
1252;2010-01-01T09:00:00;JCDECAUX2010;True
1253;2010-01-01T09:00:00;JCDECAUX2010;True
1254;2010-01-01T09:00:00;JCDECAUX2010;True
1255;2010-01-01T09:00:00;JCDECAUX2010;True
1256;2010-01-01T09:00:00;JCDECAUX2010;True
1257;2010-01-01T09:00:00;JCDECAUX2010;True
1258;2010-01-01T09:00:00;JCDECAUX2010;True
1259;2010-01-01T09:00:00;JCDECAUX2010;True
1260;2010-01-01T09:00:00;JCDECAUX2010;True
1261;2010-01-01T09:00:00;JCDECAUX2010;True
1262;2010-01-01T09:00:00;JCDECAUX2010;True
1263;2010-01-01T09:00:00;JCDECAUX2010;True
1264;2010-01-01T09:00:00;JCDECAUX2010;True
1265;2010-01-01T09:00:00;JCDECAUX2010;True
1266;2010-01-01T09:00:00;JCDECAUX2010;True
1267;2010-01-01T09:00:00;JCDECAUX2010;True
1268;2010-01-01T09:00:00;JCDECAUX2010;True
1269;2010-01-01T09:00:00;JCDECAUX2010;True
1270;2010-01-01T09:00:00;JCDECAUX2010;True
1271;2010-01-01T09:00:00;JCDECAUX2010;True
1272;2010-01-01T09:00:00;JCDECAUX2010;True
1273;2010-01-01T09:00:00;JCDECAUX2010;True
1274;2010-01-01T09:00:00;JCDECAUX2010;True
1275;2010-01-01T09:00:00;JCDECAUX2010;True
1276;2010-01-01T09:00:00;JCDECAUX2010;True
1277;2010-01-01T09:00:00;JCDECAUX2010;True
1278;2010-01-01T09:00:00;JCDECAUX2010;True
1279;2010-01-01T09:00:00;JCDECAUX2010;True
1280;2010-01-01T09:00:00;JCDECAUX2010;True
1281;2010-01-01T09:00:00;JCDECAUX2010;True
1282;2010-01-01T09:00:00;JCDECAUX2010;True
1283;2010-01-01T09:00:00;JCDECAUX2010;True
1284;2010-01-01T09:00:00;JCDECAUX2010;True
1285;2010-01-01T09:00:00;JCDECAUX2010;True
1286;2010-01-01T09:00:00;JCDECAUX2010;True
1287;2010-01-01T09:00:00;JCDECAUX2010;True
1288;2010-01-01T09:00:00;JCDECAUX2010;True
1289;2010-01-01T09:00:00;JCDECAUX2010;True
1290;2010-01-01T09:00:00;JCDECAUX2010;True
1291;2010-01-01T09:00:00;JCDECAUX2010;True
1292;2010-01-01T09:00:00;JCDECAUX2010;True
1293;2010-01-01T09:00:00;JCDECAUX2010;True
1294;2010-01-01T09:00:00;JCDECAUX2010;True
1295;2010-01-01T09:00:00;JCDECAUX2010;True
1296;2010-01-01T09:00:00;JCDECAUX2010;True
1297;2010-01-01T09:00:00;JCDECAUX2010;True
1298;2010-01-01T09:00:00;JCDECAUX2010;True
1299;2010-01-01T09:00:00;JCDECAUX2010;True
1300;2010-01-01T09:00:00;JCDECAUX2010;True
1301;2010-01-01T09:00:00;JCDECAUX2010;True
1302;2010-01-01T09:00:00;JCDECAUX2010;True
1303;2010-01-01T09:00:00;JCDECAUX2010;True
1304;2010-01-01T09:00:00;JCDECAUX2010;True
1305;2010-01-01T09:00:00;JCDECAUX2010;True
1306;2010-01-01T09:00:00;JCDECAUX2010;True
1307;2010-01-01T09:00:00;JCDECAUX2010;True
1308;2010-01-01T09:00:00;JCDECAUX2010;True
1309;2010-01-01T09:00:00;JCDECAUX2010;True
1310;2010-01-01T09:00:00;JCDECAUX2010;True
1311;2010-01-01T09:00:00;JCDECAUX2010;True
1312;2010-01-01T09:00:00;JCDECAUX2010;True
1313;2010-01-01T09:00:00;JCDECAUX2010;True
1314;2010-01-01T09:00:00;JCDECAUX2010;True
1315;2010-01-01T09:00:00;JCDECAUX2010;True
1316;2010-01-01T09:00:00;JCDECAUX2010;True
1317;2010-01-01T09:00:00;JCDECAUX2010;True
1318;2010-01-01T09:00:00;JCDECAUX2010;True
1319;2010-01-01T09:00:00;JCDECAUX2010;True
1320;2010-01-01T09:00:00;JCDECAUX2010;True
1321;2010-01-01T09:00:00;JCDECAUX2010;True
1322;2010-01-01T09:00:00;JCDECAUX2010;True
1323;2010-01-01T09:00:00;JCDECAUX2010;True
1324;2010-01-01T09:00:00;JCDECAUX2010;True
1325;2010-01-01T09:00:00;JCDECAUX2010;True
1326;2010-01-01T09:00:00;JCDECAUX2010;True
1327;2010-01-01T09:00:00;JCDECAUX2010;True
1328;2010-01-01T09:00:00;JCDECAUX2010;True
1329;2010-01-01T09:00:00;JCDECAUX2010;True
1330;2010-01-01T09:00:00;JCDECAUX2010;True
1331;2010-01-01T09:00:00;JCDECAUX2010;True
1332;2010-01-01T09:00:00;JCDECAUX2010;True
1333;2010-01-01T09:00:00;JCDECAUX2010;True
1334;2010-01-01T09:00:00;JCDECAUX2010;True
1335;2010-01-01T09:00:00;JCDECAUX2010;True
1336;2010-01-01T09:00:00;JCDECAUX2010;True
1337;2010-01-01T09:00:00;JCDECAUX2010;True
1338;2010-01-01T09:00:00;JCDECAUX2010;True
1339;2010-01-01T09:00:00;JCDECAUX2010;True
1340;2010-01-01T09:00:00;JCDECAUX2010;True
1341;2010-01-01T09:00:00;JCDECAUX2010;True
1342;2010-01-01T09:00:00;JCDECAUX2010;True
1343;2010-01-01T09:00:00;JCDECAUX2010;True
1344;2010-01-01T09:00:00;JCDECAUX2010;True
1345;2010-01-01T09:00:00;JCDECAUX2010;True
1346;2010-01-01T09:00:00;JCDECAUX2010;True
1347;2010-01-01T09:00:00;JCDECAUX2010;True
1348;2010-01-01T09:00:00;JCDECAUX2010;True
1349;2010-01-01T09:00:00;JCDECAUX2010;True
1350;2010-01-01T09:00:00;JCDECAUX2010;True
1351;2010-01-01T09:00:00;JCDECAUX2010;True
1352;2010-01-01T09:00:00;JCDECAUX2010;True
1353;2010-01-01T09:00:00;JCDECAUX2010;True
1354;2010-01-01T09:00:00;JCDECAUX2010;True
1355;2010-01-01T09:00:00;JCDECAUX2010;True
1356;2010-01-01T09:00:00;JCDECAUX2010;True
1357;2010-01-01T09:00:00;JCDECAUX2010;True
1358;2010-01-01T09:00:00;JCDECAUX2010;True
1359;2010-01-01T09:00:00;JCDECAUX2010;True
1360;2010-01-01T09:00:00;JCDECAUX2010;True
1361;2010-01-01T09:00:00;JCDECAUX2010;True
1362;2010-01-01T09:00:00;JCDECAUX2010;True
1363;2010-01-01T09:00:00;JCDECAUX2010;True
1364;2010-01-01T09:00:00;JCDECAUX2010;True
1365;2010-01-01T09:00:00;JCDECAUX2010;True
1366;2010-01-01T09:00:00;JCDECAUX2010;True
1367;2010-01-01T09:00:00;JCDECAUX2010;True
1368;2010-01-01T09:00:00;JCDECAUX2010;True
1369;2010-01-01T09:00:00;JCDECAUX2010;True
1370;2010-01-01T09:00:00;JCDECAUX2010;True
1371;2010-01-01T09:00:00;JCDECAUX2010;True
1372;2010-01-01T09:00:00;JCDECAUX2010;True
1373;2010-01-01T09:00:00;JCDECAUX2010;True
1374;2010-01-01T09:00:00;JCDECAUX2010;True
1375;2010-01-01T09:00:00;JCDECAUX2010;True
1376;2010-01-01T09:00:00;JCDECAUX2010;True
1377;2010-01-01T09:00:00;JCDECAUX2010;True
1378;2010-01-01T09:00:00;JCDECAUX2010;True
1379;2010-01-01T09:00:00;JCDECAUX2010;True
1380;2010-01-01T09:00:00;JCDECAUX2010;True
1381;2010-01-01T09:00:00;JCDECAUX2010;True
1382;2010-01-01T09:00:00;JCDECAUX2010;True
1383;2010-01-01T09:00:00;JCDECAUX2010;True
1384;2010-01-01T09:00:00;JCDECAUX2010;True
1385;2010-01-01T09:00:00;JCDECAUX2010;True
1386;2010-01-01T09:00:00;JCDECAUX2010;True
1387;2010-01-01T09:00:00;JCDECAUX2010;True
1388;2010-01-01T09:00:00;JCDECAUX2010;True
1389;2010-01-01T09:00:00;JCDECAUX2010;True
1390;2010-01-01T09:00:00;JCDECAUX2010;True
1391;2010-01-01T09:00:00;JCDECAUX2010;True
1392;2010-01-01T09:00:00;JCDECAUX2010;True
1393;2010-01-01T09:00:00;JCDECAUX2010;True
1394;2010-01-01T09:00:00;JCDECAUX2010;True
1395;2010-01-01T09:00:00;JCDECAUX2010;True
1396;2010-01-01T09:00:00;JCDECAUX2010;True
1397;2010-01-01T09:00:00;JCDECAUX2010;True
1398;2010-01-01T09:00:00;JCDECAUX2010;True
1399;2010-01-01T09:00:00;JCDECAUX2010;True
1400;2010-01-01T09:00:00;JCDECAUX2010;True
1401;2010-01-01T09:00:00;JCDECAUX2010;True
1402;2010-01-01T09:00:00;JCDECAUX2010;True
1403;2010-01-01T09:00:00;JCDECAUX2010;True
1404;2010-01-01T09:00:00;JCDECAUX2010;True
1405;2010-01-01T09:00:00;JCDECAUX2010;True
1406;2010-01-01T09:00:00;JCDECAUX2010;True
1407;2010-01-01T09:00:00;JCDECAUX2010;True
1408;2010-01-01T09:00:00;JCDECAUX2010;True
1409;2010-01-01T09:00:00;JCDECAUX2010;True
1410;2010-01-01T09:00:00;JCDECAUX2010;True
1411;2010-01-01T09:00:00;JCDECAUX2010;True
1412;2010-01-01T09:00:00;JCDECAUX2010;True
1413;2010-01-01T09:00:00;JCDECAUX2010;True
1414;2010-01-01T09:00:00;JCDECAUX2010;True
1415;2010-01-01T09:00:00;JCDECAUX2010;True
1416;2010-01-01T09:00:00;JCDECAUX2010;True
1417;2010-01-01T09:00:00;JCDECAUX2010;True
1418;2010-01-01T09:00:00;JCDECAUX2010;True
1419;2010-01-01T09:00:00;JCDECAUX2010;True
1420;2010-01-01T09:00:00;JCDECAUX2010;True
1421;2010-01-01T09:00:00;JCDECAUX2010;True
1422;2010-01-01T09:00:00;JCDECAUX2010;True
1423;2010-01-01T09:00:00;JCDECAUX2010;True
1424;2010-01-01T09:00:00;JCDECAUX2010;True
1425;2010-01-01T09:00:00;JCDECAUX2010;True
1426;2010-01-01T09:00:00;JCDECAUX2010;True
1427;2010-01-01T09:00:00;JCDECAUX2010;True
1428;2010-01-01T09:00:00;JCDECAUX2010;True
1429;2010-01-01T09:00:00;JCDECAUX2010;True
1430;2010-01-01T09:00:00;JCDECAUX2010;True
1431;2010-01-01T09:00:00;JCDECAUX2010;True
1432;2010-01-01T09:00:00;JCDECAUX2010;True
1433;2010-01-01T09:00:00;JCDECAUX2010;True
1434;2010-01-01T09:00:00;JCDECAUX2010;True
1435;2010-01-01T09:00:00;JCDECAUX2010;True
1436;2010-01-01T09:00:00;JCDECAUX2010;True
1437;2010-01-01T09:00:00;JCDECAUX2010;True
1438;2010-01-01T09:00:00;JCDECAUX2010;True
1439;2010-01-01T09:00:00;JCDECAUX2010;True
1440;2010-01-01T09:00:00;JCDECAUX2010;True
1441;2010-01-01T09:00:00;JCDECAUX2010;True
1442;2010-01-01T09:00:00;JCDECAUX2010;True
1443;2010-01-01T09:00:00;JCDECAUX2010;True
1444;2010-01-01T09:00:00;JCDECAUX2010;True
1445;2010-01-01T09:00:00;JCDECAUX2010;True
1446;2010-01-01T09:00:00;JCDECAUX2010;True
1447;2010-01-01T09:00:00;JCDECAUX2010;True
1448;2010-01-01T09:00:00;JCDECAUX2010;True
1449;2010-01-01T09:00:00;JCDECAUX2010;True
1450;2010-01-01T09:00:00;JCDECAUX2010;True
1451;2010-01-01T09:00:00;JCDECAUX2010;True
1452;2010-01-01T09:00:00;JCDECAUX2010;True
1453;2010-01-01T09:00:00;JCDECAUX2010;True
1454;2010-01-01T09:00:00;JCDECAUX2010;True
1455;2010-01-01T09:00:00;JCDECAUX2010;True
1456;2010-01-01T09:00:00;JCDECAUX2010;True
1457;2010-01-01T09:00:00;JCDECAUX2010;True
1458;2010-01-01T09:00:00;JCDECAUX2010;True
1459;2010-01-01T09:00:00;JCDECAUX2010;True
1460;2010-01-01T09:00:00;JCDECAUX2010;True
1461;2010-01-01T09:00:00;JCDECAUX2010;True
1462;2010-01-01T09:00:00;JCDECAUX2010;True
1463;2010-01-01T09:00:00;JCDECAUX2010;True
1464;2010-01-01T09:00:00;JCDECAUX2010;True
1465;2010-01-01T09:00:00;JCDECAUX2010;True
1466;2010-01-01T09:00:00;JCDECAUX2010;True
1467;2010-01-01T09:00:00;JCDECAUX2010;True
1468;2010-01-01T09:00:00;JCDECAUX2010;True
1469;2010-01-01T09:00:00;JCDECAUX2010;True
1470;2010-01-01T09:00:00;JCDECAUX2010;True
1471;2010-01-01T09:00:00;JCDECAUX2010;True
1472;2010-01-01T09:00:00;JCDECAUX2010;True
1473;2010-01-01T09:00:00;JCDECAUX2010;True
1474;2010-01-01T09:00:00;JCDECAUX2010;True
1475;2010-01-01T09:00:00;JCDECAUX2010;True
1476;2010-01-01T09:00:00;JCDECAUX2010;True
1477;2010-01-01T09:00:00;JCDECAUX2010;True
1478;2010-01-01T09:00:00;JCDECAUX2010;True
1479;2010-01-01T09:00:00;JCDECAUX2010;True
1480;2010-01-01T09:00:00;JCDECAUX2010;True
1481;2010-01-01T09:00:00;JCDECAUX2010;True
1482;2010-01-01T09:00:00;JCDECAUX2010;True
1483;2010-01-01T09:00:00;JCDECAUX2010;True
1484;2010-01-01T09:00:00;JCDECAUX2010;True
1485;2010-01-01T09:00:00;JCDECAUX2010;True
1486;2010-01-01T09:00:00;JCDECAUX2010;True
1487;2010-01-01T09:00:00;JCDECAUX2010;True
1488;2010-01-01T09:00:00;JCDECAUX2010;True
1489;2010-01-01T09:00:00;JCDECAUX2010;True
1490;2010-01-01T09:00:00;JCDECAUX2010;True
1491;2010-01-01T09:00:00;JCDECAUX2010;True
1492;2010-01-01T09:00:00;JCDECAUX2010;True
1493;2010-01-01T09:00:00;JCDECAUX2010;True
1494;2010-01-01T09:00:00;JCDECAUX2010;True
1495;2010-01-01T09:00:00;JCDECAUX2010;True
1496;2010-01-01T09:00:00;JCDECAUX2010;True
1497;2010-01-01T09:00:00;JCDECAUX2010;True
1498;2010-01-01T09:00:00;JCDECAUX2010;True
1499;2010-01-01T09:00:00;JCDECAUX2010;True
1500;2010-01-01T09:00:00;JCDECAUX2010;True
1501;2010-01-01T09:00:00;JCDECAUX2010;True
1502;2010-01-01T09:00:00;JCDECAUX2010;True
1503;2010-01-01T09:00:00;JCDECAUX2010;True
1504;2010-01-01T09:00:00;JCDECAUX2010;True
1505;2010-01-01T09:00:00;JCDECAUX2010;True
1506;2010-01-01T09:00:00;JCDECAUX2010;True
1507;2010-01-01T09:00:00;JCDECAUX2010;True
1508;2010-01-01T09:00:00;JCDECAUX2010;True
1509;2010-01-01T09:00:00;JCDECAUX2010;True
1510;2010-01-01T09:00:00;JCDECAUX2010;True
1511;2010-01-01T09:00:00;JCDECAUX2010;True
1512;2010-01-01T09:00:00;JCDECAUX2010;True
1513;2010-01-01T09:00:00;JCDECAUX2010;True
1514;2010-01-01T09:00:00;JCDECAUX2010;True
1515;2010-01-01T09:00:00;JCDECAUX2010;True
1516;2010-01-01T09:00:00;JCDECAUX2010;True
1517;2010-01-01T09:00:00;JCDECAUX2010;True
1518;2010-01-01T09:00:00;JCDECAUX2010;True
1519;2010-01-01T09:00:00;JCDECAUX2010;True
1520;2010-01-01T09:00:00;JCDECAUX2010;True
1521;2010-01-01T09:00:00;JCDECAUX2010;True
1522;2010-01-01T09:00:00;JCDECAUX2010;True
1523;2010-01-01T09:00:00;JCDECAUX2010;True
1524;2010-01-01T09:00:00;JCDECAUX2010;True
1525;2010-01-01T09:00:00;JCDECAUX2010;True
1526;2010-01-01T09:00:00;JCDECAUX2010;True
1527;2010-01-01T09:00:00;JCDECAUX2010;True
1528;2010-01-01T09:00:00;JCDECAUX2010;True
1529;2010-01-01T09:00:00;JCDECAUX2010;True
1530;2010-01-01T09:00:00;JCDECAUX2010;True
1531;2010-01-01T09:00:00;JCDECAUX2010;True
1532;2010-01-01T09:00:00;JCDECAUX2010;True
1533;2010-01-01T09:00:00;JCDECAUX2010;True
1534;2010-01-01T09:00:00;JCDECAUX2010;True
1535;2010-01-01T09:00:00;JCDECAUX2010;True
1536;2010-01-01T09:00:00;JCDECAUX2010;True
1537;2010-01-01T09:00:00;JCDECAUX2010;True
1538;2010-01-01T09:00:00;JCDECAUX2010;True
1539;2010-01-01T09:00:00;JCDECAUX2010;True
1540;2010-01-01T09:00:00;JCDECAUX2010;True
1541;2010-01-01T09:00:00;JCDECAUX2010;True
1542;2010-01-01T09:00:00;JCDECAUX2010;True
1543;2010-01-01T09:00:00;JCDECAUX2010;True
1544;2010-01-01T09:00:00;JCDECAUX2010;True
1545;2010-01-01T09:00:00;JCDECAUX2010;True
1546;2010-01-01T09:00:00;JCDECAUX2010;True
1547;2010-01-01T09:00:00;JCDECAUX2010;True
1548;2010-01-01T09:00:00;JCDECAUX2010;True
1549;2010-01-01T09:00:00;JCDECAUX2010;True
1550;2010-01-01T09:00:00;JCDECAUX2010;True
1551;2010-01-01T09:00:00;JCDECAUX2010;True
1552;2010-01-01T09:00:00;JCDECAUX2010;True
1553;2010-01-01T09:00:00;JCDECAUX2010;True
1554;2010-01-01T09:00:00;JCDECAUX2010;True
1555;2010-01-01T09:00:00;JCDECAUX2010;True
1556;2010-01-01T09:00:00;JCDECAUX2010;True
1557;2010-01-01T09:00:00;JCDECAUX2010;True
1558;2010-01-01T09:00:00;JCDECAUX2010;True
1559;2010-01-01T09:00:00;JCDECAUX2010;True
1560;2010-01-01T09:00:00;JCDECAUX2010;True
1561;2010-01-01T09:00:00;JCDECAUX2010;True
1562;2010-01-01T09:00:00;JCDECAUX2010;True
1563;2010-01-01T09:00:00;JCDECAUX2010;True
1564;2010-01-01T09:00:00;JCDECAUX2010;True
1565;2010-01-01T09:00:00;JCDECAUX2010;True
1566;2010-01-01T09:00:00;JCDECAUX2010;True
1567;2010-01-01T09:00:00;JCDECAUX2010;True
1568;2010-01-01T09:00:00;JCDECAUX2010;True
1569;2010-01-01T09:00:00;JCDECAUX2010;True
1570;2010-01-01T09:00:00;JCDECAUX2010;True
1571;2010-01-01T09:00:00;JCDECAUX2010;True
1572;2010-01-01T09:00:00;JCDECAUX2010;True
1573;2010-01-01T09:00:00;JCDECAUX2010;True
1574;2010-01-01T09:00:00;JCDECAUX2010;True
1575;2010-01-01T09:00:00;JCDECAUX2010;True
1576;2010-01-01T09:00:00;JCDECAUX2010;True
1577;2010-01-01T09:00:00;JCDECAUX2010;True
1578;2010-01-01T09:00:00;JCDECAUX2010;True
1579;2010-01-01T09:00:00;JCDECAUX2010;True
1580;2010-01-01T09:00:00;JCDECAUX2010;True
1581;2010-01-01T09:00:00;JCDECAUX2010;True
1582;2010-01-01T09:00:00;JCDECAUX2010;True
1583;2010-01-01T09:00:00;JCDECAUX2010;True
1584;2010-01-01T09:00:00;JCDECAUX2010;True
1585;2010-01-01T09:00:00;JCDECAUX2010;True
1586;2010-01-01T09:00:00;JCDECAUX2010;True
1587;2010-01-01T09:00:00;JCDECAUX2010;True
1588;2010-01-01T09:00:00;JCDECAUX2010;True
1589;2010-01-01T09:00:00;JCDECAUX2010;True
1590;2010-01-01T09:00:00;JCDECAUX2010;True
1591;2010-01-01T09:00:00;JCDECAUX2010;True
1592;2010-01-01T09:00:00;JCDECAUX2010;True
1593;2010-01-01T09:00:00;JCDECAUX2010;True
1594;2010-01-01T09:00:00;JCDECAUX2010;True
1595;2010-01-01T09:00:00;JCDECAUX2010;True
1596;2010-01-01T09:00:00;JCDECAUX2010;True
1597;2010-01-01T09:00:00;JCDECAUX2010;True
1598;2010-01-01T09:00:00;JCDECAUX2010;True
1599;2010-01-01T09:00:00;JCDECAUX2010;True
1600;2010-01-01T09:00:00;JCDECAUX2010;True
1601;2010-01-01T09:00:00;JCDECAUX2010;True
1602;2010-01-01T09:00:00;JCDECAUX2010;True
1603;2010-01-01T09:00:00;JCDECAUX2010;True
1604;2010-01-01T09:00:00;JCDECAUX2010;True
1605;2010-01-01T09:00:00;JCDECAUX2010;True
1606;2010-01-01T09:00:00;JCDECAUX2010;True
1607;2010-01-01T09:00:00;JCDECAUX2010;True
1608;2010-01-01T09:00:00;JCDECAUX2010;True
1609;2010-01-01T09:00:00;JCDECAUX2010;True
1610;2010-01-01T09:00:00;JCDECAUX2010;True
1611;2010-01-01T09:00:00;JCDECAUX2010;True
1612;2010-01-01T09:00:00;JCDECAUX2010;True
1613;2010-01-01T09:00:00;JCDECAUX2010;True
1614;2010-01-01T09:00:00;JCDECAUX2010;True
1615;2010-01-01T09:00:00;JCDECAUX2010;True
1616;2010-01-01T09:00:00;JCDECAUX2010;True
1617;2010-01-01T09:00:00;JCDECAUX2010;True
1618;2010-01-01T09:00:00;JCDECAUX2010;True
1619;2010-01-01T09:00:00;JCDECAUX2010;True
1620;2010-01-01T09:00:00;JCDECAUX2010;True
1621;2010-01-01T09:00:00;JCDECAUX2010;True
1622;2010-01-01T09:00:00;JCDECAUX2010;True
1623;2010-01-01T09:00:00;JCDECAUX2010;True
1624;2010-01-01T09:00:00;JCDECAUX2010;True
1625;2010-01-01T09:00:00;JCDECAUX2010;True
1626;2010-01-01T09:00:00;JCDECAUX2010;True
1627;2010-01-01T09:00:00;JCDECAUX2010;True
1628;2010-01-01T09:00:00;JCDECAUX2010;True
1629;2010-01-01T09:00:00;JCDECAUX2010;True
1630;2010-01-01T09:00:00;JCDECAUX2010;True
1631;2010-01-01T09:00:00;JCDECAUX2010;True
1632;2010-01-01T09:00:00;JCDECAUX2010;True
1633;2010-01-01T09:00:00;JCDECAUX2010;True
1634;2010-01-01T09:00:00;JCDECAUX2010;True
1635;2010-01-01T09:00:00;JCDECAUX2010;True
1636;2010-01-01T09:00:00;JCDECAUX2010;True
1637;2010-01-01T09:00:00;JCDECAUX2010;True
1638;2010-01-01T09:00:00;JCDECAUX2010;True
1639;2010-01-01T09:00:00;JCDECAUX2010;True
1640;2010-01-01T09:00:00;JCDECAUX2010;True
1641;2010-01-01T09:00:00;JCDECAUX2010;True
1642;2010-01-01T09:00:00;JCDECAUX2010;True
1643;2010-01-01T09:00:00;JCDECAUX2010;True
1644;2010-01-01T09:00:00;JCDECAUX2010;True
1645;2010-01-01T09:00:00;JCDECAUX2010;True
1646;2010-01-01T09:00:00;JCDECAUX2010;True
1647;2010-01-01T09:00:00;JCDECAUX2010;True
1648;2010-01-01T09:00:00;JCDECAUX2010;True
1649;2010-01-01T09:00:00;JCDECAUX2010;True
1650;2010-01-01T09:00:00;JCDECAUX2010;True
1651;2010-01-01T09:00:00;JCDECAUX2010;True
1652;2010-01-01T09:00:00;JCDECAUX2010;True
1653;2010-01-01T09:00:00;JCDECAUX2010;True
1654;2010-01-01T09:00:00;JCDECAUX2010;True
1655;2010-01-01T09:00:00;JCDECAUX2010;True
1656;2010-01-01T09:00:00;JCDECAUX2010;True
1657;2010-01-01T09:00:00;JCDECAUX2010;True
1658;2010-01-01T09:00:00;JCDECAUX2010;True
1659;2010-01-01T09:00:00;JCDECAUX2010;True
1660;2010-01-01T09:00:00;JCDECAUX2010;True
1661;2010-01-01T09:00:00;JCDECAUX2010;True
1662;2010-01-01T09:00:00;JCDECAUX2010;True
1663;2010-01-01T09:00:00;JCDECAUX2010;True
1664;2010-01-01T09:00:00;JCDECAUX2010;True
1665;2010-01-01T09:00:00;JCDECAUX2010;True
1666;2010-01-01T09:00:00;JCDECAUX2010;True
1667;2010-01-01T09:00:00;JCDECAUX2010;True
1668;2010-01-01T09:00:00;JCDECAUX2010;True
1669;2010-01-01T09:00:00;JCDECAUX2010;True
1670;2010-01-01T09:00:00;JCDECAUX2010;True
1671;2010-01-01T09:00:00;JCDECAUX2010;True
1672;2010-01-01T09:00:00;JCDECAUX2010;True
1673;2010-01-01T09:00:00;JCDECAUX2010;True
1674;2010-01-01T09:00:00;JCDECAUX2010;True
1675;2010-01-01T09:00:00;JCDECAUX2010;True
1676;2010-01-01T09:00:00;JCDECAUX2010;True
1677;2010-01-01T09:00:00;JCDECAUX2010;True
1678;2010-01-01T09:00:00;JCDECAUX2010;True
1679;2010-01-01T09:00:00;JCDECAUX2010;True
1680;2010-01-01T09:00:00;JCDECAUX2010;True
1681;2010-01-01T09:00:00;JCDECAUX2010;True
1682;2010-01-01T09:00:00;JCDECAUX2010;True
1683;2010-01-01T09:00:00;JCDECAUX2010;True
1684;2010-01-01T09:00:00;JCDECAUX2010;True
1685;2010-01-01T09:00:00;JCDECAUX2010;True
1686;2010-01-01T09:00:00;JCDECAUX2010;True
1687;2010-01-01T09:00:00;JCDECAUX2010;True
1688;2010-01-01T09:00:00;JCDECAUX2010;True
1689;2010-01-01T09:00:00;JCDECAUX2010;True
1690;2010-01-01T09:00:00;JCDECAUX2010;True
1691;2010-01-01T09:00:00;JCDECAUX2010;True
1692;2010-01-01T09:00:00;JCDECAUX2010;True
1693;2010-01-01T09:00:00;JCDECAUX2010;True
1694;2010-01-01T09:00:00;JCDECAUX2010;True
1695;2010-01-01T09:00:00;JCDECAUX2010;True
1696;2010-01-01T09:00:00;JCDECAUX2010;True
1697;2010-01-01T09:00:00;JCDECAUX2010;True
1698;2010-01-01T09:00:00;JCDECAUX2010;True
1699;2010-01-01T09:00:00;JCDECAUX2010;True
1700;2010-01-01T09:00:00;JCDECAUX2010;True
1701;2010-01-01T09:00:00;JCDECAUX2010;True
1702;2010-01-01T09:00:00;JCDECAUX2010;True
1703;2010-01-01T09:00:00;JCDECAUX2010;True
1704;2010-01-01T09:00:00;JCDECAUX2010;True
1705;2010-01-01T09:00:00;JCDECAUX2010;True
1706;2010-01-01T09:00:00;JCDECAUX2010;True
1707;2010-01-01T09:00:00;JCDECAUX2010;True
1708;2010-01-01T09:00:00;JCDECAUX2010;True
1709;2010-01-01T09:00:00;JCDECAUX2010;True
1710;2010-01-01T09:00:00;JCDECAUX2010;True
1711;2010-01-01T09:00:00;JCDECAUX2010;True
1712;2010-01-01T09:00:00;JCDECAUX2010;True
1713;2010-01-01T09:00:00;JCDECAUX2010;True
1714;2010-01-01T09:00:00;JCDECAUX2010;True
1715;2010-01-01T09:00:00;JCDECAUX2010;True
1716;2010-01-01T09:00:00;JCDECAUX2010;True
1717;2010-01-01T09:00:00;JCDECAUX2010;True
1718;2010-01-01T09:00:00;JCDECAUX2010;True
1719;2010-01-01T09:00:00;JCDECAUX2010;True
1720;2010-01-01T09:00:00;JCDECAUX2010;True
1721;2010-01-01T09:00:00;JCDECAUX2010;True
1722;2010-01-01T09:00:00;JCDECAUX2010;True
1723;2010-01-01T09:00:00;JCDECAUX2010;True
1724;2010-01-01T09:00:00;JCDECAUX2010;True
1725;2010-01-01T09:00:00;JCDECAUX2010;True
1726;2010-01-01T09:00:00;JCDECAUX2010;True
1727;2010-01-01T09:00:00;JCDECAUX2010;True
1728;2010-01-01T09:00:00;JCDECAUX2010;True
1729;2010-01-01T09:00:00;JCDECAUX2010;True
1730;2010-01-01T09:00:00;JCDECAUX2010;True
1731;2010-01-01T09:00:00;JCDECAUX2010;True
1732;2010-01-01T09:00:00;JCDECAUX2010;True
1733;2010-01-01T09:00:00;JCDECAUX2010;True
1734;2010-01-01T09:00:00;JCDECAUX2010;True
1735;2010-01-01T09:00:00;JCDECAUX2010;True
1736;2010-01-01T09:00:00;JCDECAUX2010;True
1737;2010-01-01T09:00:00;JCDECAUX2010;True
1738;2010-01-01T09:00:00;JCDECAUX2010;True
1739;2010-01-01T09:00:00;JCDECAUX2010;True
1740;2010-01-01T09:00:00;JCDECAUX2010;True
1741;2010-01-01T09:00:00;JCDECAUX2010;True
1742;2010-01-01T09:00:00;JCDECAUX2010;True
1743;2010-01-01T09:00:00;JCDECAUX2010;True
1744;2010-01-01T09:00:00;JCDECAUX2010;True
1745;2010-01-01T09:00:00;JCDECAUX2010;True
1746;2010-01-01T09:00:00;JCDECAUX2010;True
1747;2010-01-01T09:00:00;JCDECAUX2010;True
1748;2010-01-01T09:00:00;JCDECAUX2010;True
1749;2010-01-01T09:00:00;JCDECAUX2010;True
1750;2010-01-01T09:00:00;JCDECAUX2010;True
1751;2010-01-01T09:00:00;JCDECAUX2010;True
1752;2010-01-01T09:00:00;JCDECAUX2010;True
1753;2010-01-01T09:00:00;JCDECAUX2010;True
1754;2010-01-01T09:00:00;JCDECAUX2010;True
1755;2010-01-01T09:00:00;JCDECAUX2010;True
1756;2010-01-01T09:00:00;JCDECAUX2010;True
1757;2010-01-01T09:00:00;JCDECAUX2010;True
1758;2010-01-01T09:00:00;JCDECAUX2010;True
1759;2010-01-01T09:00:00;JCDECAUX2010;True
1760;2010-01-01T09:00:00;JCDECAUX2010;True
1761;2010-01-01T09:00:00;JCDECAUX2010;True
1762;2010-01-01T09:00:00;JCDECAUX2010;True
1763;2010-01-01T09:00:00;JCDECAUX2010;True
1764;2010-01-01T09:00:00;JCDECAUX2010;True
1765;2010-01-01T09:00:00;JCDECAUX2010;True
1766;2010-01-01T09:00:00;JCDECAUX2010;True
1767;2010-01-01T09:00:00;JCDECAUX2010;True
1768;2010-01-01T09:00:00;JCDECAUX2010;True
1769;2010-01-01T09:00:00;JCDECAUX2010;True
1770;2010-01-01T09:00:00;JCDECAUX2010;True
1771;2010-01-01T09:00:00;JCDECAUX2010;True
1772;2010-01-01T09:00:00;JCDECAUX2010;True
1773;2010-01-01T09:00:00;JCDECAUX2010;True
1774;2010-01-01T09:00:00;JCDECAUX2010;True
1775;2010-01-01T09:00:00;JCDECAUX2010;True
1776;2010-01-01T09:00:00;JCDECAUX2010;True
1777;2010-01-01T09:00:00;JCDECAUX2010;True
1778;2010-01-01T09:00:00;JCDECAUX2010;True
1779;2010-01-01T09:00:00;JCDECAUX2010;True
1780;2010-01-01T09:00:00;JCDECAUX2010;True
1781;2010-01-01T09:00:00;JCDECAUX2010;True
1782;2010-01-01T09:00:00;JCDECAUX2010;True
1783;2010-01-01T09:00:00;JCDECAUX2010;True
1784;2010-01-01T09:00:00;JCDECAUX2010;True
1785;2010-01-01T09:00:00;JCDECAUX2010;True
1786;2010-01-01T09:00:00;JCDECAUX2010;True
1787;2010-01-01T09:00:00;JCDECAUX2010;True
1788;2010-01-01T09:00:00;JCDECAUX2010;True
1789;2010-01-01T09:00:00;JCDECAUX2010;True
1790;2010-01-01T09:00:00;JCDECAUX2010;True
1791;2010-01-01T09:00:00;JCDECAUX2010;True
1792;2010-01-01T09:00:00;JCDECAUX2010;True
1793;2010-01-01T09:00:00;JCDECAUX2010;True
1794;2010-01-01T09:00:00;JCDECAUX2010;True
1795;2010-01-01T09:00:00;JCDECAUX2010;True
1796;2010-01-01T09:00:00;JCDECAUX2010;True
1797;2010-01-01T09:00:00;JCDECAUX2010;True
1798;2010-01-01T09:00:00;JCDECAUX2010;True
1799;2010-01-01T09:00:00;JCDECAUX2010;True
1800;2010-01-01T09:00:00;JCDECAUX2010;True
1801;2010-01-01T09:00:00;JCDECAUX2010;True
1802;2010-01-01T09:00:00;JCDECAUX2010;True
1803;2010-01-01T09:00:00;JCDECAUX2010;True
1804;2010-01-01T09:00:00;JCDECAUX2010;True
1805;2010-01-01T09:00:00;JCDECAUX2010;True
1806;2010-01-01T09:00:00;JCDECAUX2010;True
1807;2010-01-01T09:00:00;JCDECAUX2010;True
1808;2010-01-01T09:00:00;JCDECAUX2010;True
1809;2010-01-01T09:00:00;JCDECAUX2010;True
1810;2010-01-01T09:00:00;JCDECAUX2010;True
1811;2010-01-01T09:00:00;JCDECAUX2010;True
1812;2010-01-01T09:00:00;JCDECAUX2010;True
1813;2010-01-01T09:00:00;JCDECAUX2010;True
1814;2010-01-01T09:00:00;JCDECAUX2010;True
1815;2010-01-01T09:00:00;JCDECAUX2010;True
1816;2010-01-01T09:00:00;JCDECAUX2010;True
1817;2010-01-01T09:00:00;JCDECAUX2010;True
1818;2010-01-01T09:00:00;JCDECAUX2010;True
1819;2010-01-01T09:00:00;JCDECAUX2010;True
1820;2010-01-01T09:00:00;JCDECAUX2010;True
1821;2010-01-01T09:00:00;JCDECAUX2010;True
1822;2010-01-01T09:00:00;JCDECAUX2010;True
1823;2010-01-01T09:00:00;JCDECAUX2010;True
1824;2010-01-01T09:00:00;JCDECAUX2010;True
1825;2010-01-01T09:00:00;JCDECAUX2010;True
1826;2010-01-01T09:00:00;JCDECAUX2010;True
1827;2010-01-01T09:00:00;JCDECAUX2010;True
1828;2010-01-01T09:00:00;JCDECAUX2010;True
1829;2010-01-01T09:00:00;JCDECAUX2010;True
1830;2010-01-01T09:00:00;JCDECAUX2010;True
1831;2010-01-01T09:00:00;JCDECAUX2010;True
1832;2010-01-01T09:00:00;JCDECAUX2010;True
1833;2010-01-01T09:00:00;JCDECAUX2010;True
1834;2010-01-01T09:00:00;JCDECAUX2010;True
1835;2010-01-01T09:00:00;JCDECAUX2010;True
1836;2010-01-01T09:00:00;JCDECAUX2010;True
1837;2010-01-01T09:00:00;JCDECAUX2010;True
1838;2010-01-01T09:00:00;JCDECAUX2010;True
1839;2010-01-01T09:00:00;JCDECAUX2010;True
1840;2010-01-01T09:00:00;JCDECAUX2010;True
1841;2010-01-01T09:00:00;JCDECAUX2010;True
1842;2010-01-01T09:00:00;JCDECAUX2010;True
1843;2010-01-01T09:00:00;JCDECAUX2010;True
1844;2010-01-01T09:00:00;JCDECAUX2010;True
1845;2010-01-01T09:00:00;JCDECAUX2010;True
1846;2010-01-01T09:00:00;JCDECAUX2010;True
1847;2010-01-01T09:00:00;JCDECAUX2010;True
1848;2010-01-01T09:00:00;JCDECAUX2010;True
1849;2010-01-01T09:00:00;JCDECAUX2010;True
1850;2010-01-01T09:00:00;JCDECAUX2010;True
1851;2010-01-01T09:00:00;JCDECAUX2010;True
1852;2010-01-01T09:00:00;JCDECAUX2010;True
1853;2010-01-01T09:00:00;JCDECAUX2010;True
1854;2010-01-01T09:00:00;JCDECAUX2010;True
1855;2010-01-01T09:00:00;JCDECAUX2010;True
1856;2010-01-01T09:00:00;JCDECAUX2010;True
1857;2010-01-01T09:00:00;JCDECAUX2010;True
1858;2010-01-01T09:00:00;JCDECAUX2010;True
1859;2010-01-01T09:00:00;JCDECAUX2010;True
1860;2010-01-01T09:00:00;JCDECAUX2010;True
1861;2010-01-01T09:00:00;JCDECAUX2010;True
1862;2010-01-01T09:00:00;JCDECAUX2010;True
1863;2010-01-01T09:00:00;JCDECAUX2010;True
1864;2010-01-01T09:00:00;JCDECAUX2010;True
1865;2010-01-01T09:00:00;JCDECAUX2010;True
1866;2010-01-01T09:00:00;JCDECAUX2010;True
1867;2010-01-01T09:00:00;JCDECAUX2010;True
1868;2010-01-01T09:00:00;JCDECAUX2010;True
1869;2010-01-01T09:00:00;JCDECAUX2010;True
1870;2010-01-01T09:00:00;JCDECAUX2010;True
1871;2010-01-01T09:00:00;JCDECAUX2010;True
1872;2010-01-01T09:00:00;JCDECAUX2010;True
1873;2010-01-01T09:00:00;JCDECAUX2010;True
1874;2010-01-01T09:00:00;JCDECAUX2010;True
1875;2010-01-01T09:00:00;JCDECAUX2010;True
1876;2010-01-01T09:00:00;JCDECAUX2010;True
1877;2010-01-01T09:00:00;JCDECAUX2010;True
1878;2010-01-01T09:00:00;JCDECAUX2010;True
1879;2010-01-01T09:00:00;JCDECAUX2010;True
1880;2010-01-01T09:00:00;JCDECAUX2010;True
1881;2010-01-01T09:00:00;JCDECAUX2010;True
1882;2010-01-01T09:00:00;JCDECAUX2010;True
1883;2010-01-01T09:00:00;JCDECAUX2010;True
1884;2010-01-01T09:00:00;JCDECAUX2010;True
1885;2010-01-01T09:00:00;JCDECAUX2010;True
1886;2010-01-01T09:00:00;JCDECAUX2010;True
1887;2010-01-01T09:00:00;JCDECAUX2010;True
1888;2010-01-01T09:00:00;JCDECAUX2010;True
1889;2010-01-01T09:00:00;JCDECAUX2010;True
1890;2010-01-01T09:00:00;JCDECAUX2010;True
1891;2010-01-01T09:00:00;JCDECAUX2010;True
1892;2010-01-01T09:00:00;JCDECAUX2010;True
1893;2010-01-01T09:00:00;JCDECAUX2010;True
1894;2010-01-01T09:00:00;JCDECAUX2010;True
1895;2010-01-01T09:00:00;JCDECAUX2010;True
1896;2010-01-01T09:00:00;JCDECAUX2010;True
1897;2010-01-01T09:00:00;JCDECAUX2010;True
1898;2010-01-01T09:00:00;JCDECAUX2010;True
1899;2010-01-01T09:00:00;JCDECAUX2010;True
1900;2010-01-01T09:00:00;JCDECAUX2010;True
1901;2010-01-01T09:00:00;JCDECAUX2010;True
1902;2010-01-01T09:00:00;JCDECAUX2010;True
1903;2010-01-01T09:00:00;JCDECAUX2010;True
1904;2010-01-01T09:00:00;JCDECAUX2010;True
1905;2010-01-01T09:00:00;JCDECAUX2010;True
1906;2010-01-01T09:00:00;JCDECAUX2010;True
1907;2010-01-01T09:00:00;JCDECAUX2010;True
1908;2010-01-01T09:00:00;JCDECAUX2010;True
1909;2010-01-01T09:00:00;JCDECAUX2010;True
1910;2010-01-01T09:00:00;JCDECAUX2010;True
1911;2010-01-01T09:00:00;JCDECAUX2010;True
1912;2010-01-01T09:00:00;JCDECAUX2010;True
1913;2010-01-01T09:00:00;JCDECAUX2010;True
1914;2010-01-01T09:00:00;JCDECAUX2010;True
1915;2010-01-01T09:00:00;JCDECAUX2010;True
1916;2010-01-01T09:00:00;JCDECAUX2010;True
1917;2010-01-01T09:00:00;JCDECAUX2010;True
1918;2010-01-01T09:00:00;JCDECAUX2010;True
1919;2010-01-01T09:00:00;JCDECAUX2010;True
1920;2010-01-01T09:00:00;JCDECAUX2010;True
1921;2010-01-01T09:00:00;JCDECAUX2010;True
1922;2010-01-01T09:00:00;JCDECAUX2010;True
1923;2010-01-01T09:00:00;JCDECAUX2010;True
1924;2010-01-01T09:00:00;JCDECAUX2010;True
1925;2010-01-01T09:00:00;JCDECAUX2010;True
1926;2010-01-01T09:00:00;JCDECAUX2010;True
1927;2010-01-01T09:00:00;JCDECAUX2010;True
1928;2010-01-01T09:00:00;JCDECAUX2010;True
1929;2010-01-01T09:00:00;JCDECAUX2010;True
1930;2010-01-01T09:00:00;JCDECAUX2010;True
1931;2010-01-01T09:00:00;JCDECAUX2010;True
1932;2010-01-01T09:00:00;JCDECAUX2010;True
1933;2010-01-01T09:00:00;JCDECAUX2010;True
1934;2010-01-01T09:00:00;JCDECAUX2010;True
1935;2010-01-01T09:00:00;JCDECAUX2010;True
1936;2010-01-01T09:00:00;JCDECAUX2010;True
1937;2010-01-01T09:00:00;JCDECAUX2010;True
1938;2010-01-01T09:00:00;JCDECAUX2010;True
1939;2010-01-01T09:00:00;JCDECAUX2010;True
1940;2010-01-01T09:00:00;JCDECAUX2010;True
1941;2010-01-01T09:00:00;JCDECAUX2010;True
1942;2010-01-01T09:00:00;JCDECAUX2010;True
1943;2010-01-01T09:00:00;JCDECAUX2010;True
1944;2010-01-01T09:00:00;JCDECAUX2010;True
1945;2010-01-01T09:00:00;JCDECAUX2010;True
1946;2010-01-01T09:00:00;JCDECAUX2010;True
1947;2010-01-01T09:00:00;JCDECAUX2010;True
1948;2010-01-01T09:00:00;JCDECAUX2010;True
1949;2010-01-01T09:00:00;JCDECAUX2010;True
1950;2010-01-01T09:00:00;JCDECAUX2010;True
1951;2010-01-01T09:00:00;JCDECAUX2010;True
1952;2010-01-01T09:00:00;JCDECAUX2010;True
1953;2010-01-01T09:00:00;JCDECAUX2010;True
1954;2010-01-01T09:00:00;JCDECAUX2010;True
1955;2010-01-01T09:00:00;JCDECAUX2010;True
1956;2010-01-01T09:00:00;JCDECAUX2010;True
1957;2010-01-01T09:00:00;JCDECAUX2010;True
1958;2010-01-01T09:00:00;JCDECAUX2010;True
1959;2010-01-01T09:00:00;JCDECAUX2010;True
1960;2010-01-01T09:00:00;JCDECAUX2010;True
1961;2010-01-01T09:00:00;JCDECAUX2010;True
1962;2010-01-01T09:00:00;JCDECAUX2010;True
1963;2010-01-01T09:00:00;JCDECAUX2010;True
1964;2010-01-01T09:00:00;JCDECAUX2010;True
1965;2010-01-01T09:00:00;JCDECAUX2010;True
1966;2010-01-01T09:00:00;JCDECAUX2010;True
1967;2010-01-01T09:00:00;JCDECAUX2010;True
1968;2010-01-01T09:00:00;JCDECAUX2010;True
1969;2010-01-01T09:00:00;JCDECAUX2010;True
1970;2010-01-01T09:00:00;JCDECAUX2010;True
1971;2010-01-01T09:00:00;JCDECAUX2010;True
1972;2010-01-01T09:00:00;JCDECAUX2010;True
1973;2010-01-01T09:00:00;JCDECAUX2010;True
1974;2010-01-01T09:00:00;JCDECAUX2010;True
1975;2010-01-01T09:00:00;JCDECAUX2010;True
1976;2010-01-01T09:00:00;JCDECAUX2010;True
1977;2010-01-01T09:00:00;JCDECAUX2010;True
1978;2010-01-01T09:00:00;JCDECAUX2010;True
1979;2010-01-01T09:00:00;JCDECAUX2010;True
1980;2010-01-01T09:00:00;JCDECAUX2010;True
1981;2010-01-01T09:00:00;JCDECAUX2010;True
1982;2010-01-01T09:00:00;JCDECAUX2010;True
1983;2010-01-01T09:00:00;JCDECAUX2010;True
1984;2010-01-01T09:00:00;JCDECAUX2010;True
1985;2010-01-01T09:00:00;JCDECAUX2010;True
1986;2010-01-01T09:00:00;JCDECAUX2010;True
1987;2010-01-01T09:00:00;JCDECAUX2010;True
1988;2010-01-01T09:00:00;JCDECAUX2010;True
1989;2010-01-01T09:00:00;JCDECAUX2010;True
1990;2010-01-01T09:00:00;JCDECAUX2010;True
1991;2010-01-01T09:00:00;JCDECAUX2010;True
1992;2010-01-01T09:00:00;JCDECAUX2010;True
1993;2010-01-01T09:00:00;JCDECAUX2010;True
1994;2010-01-01T09:00:00;JCDECAUX2010;True
1995;2010-01-01T09:00:00;JCDECAUX2010;True
1996;2010-01-01T09:00:00;JCDECAUX2010;True
1997;2010-01-01T09:00:00;JCDECAUX2010;True
1998;2010-01-01T09:00:00;JCDECAUX2010;True
1999;2010-01-01T09:00:00;JCDECAUX2010;True
